entry_time,exit_time,entry_price,exit_price,dir,pnl,reason,hold
1770102600,1770103800,4915.9,4926.0,S,-312.72000000001094,sl,1200
1770106500,1770108000,4962.6001953125,4972.7001953125,S,-312.72000000001094,sl,1500
1770136500,1770137400,5017.50009765625,4987.60009765625,S,887.2799999999891,tp,900
1770164100,1770165900,5016.4,5026.5,S,-312.72000000001094,sl,1800
1770203700,1770208200,5052.6,5082.5,L,887.2799999999891,tp,4500
1770215700,1770216000,5005.20009765625,4995.10009765625,L,-312.72000000001094,sl,300
1770218700,1770219000,4981.49990234375,4971.39990234375,L,-312.72000000001094,sl,300
1770220800,1770221400,4933.49990234375,4963.39990234375,L,887.2799999999891,tp,600
1770223500,1770223800,4893.3001953125,4923.2001953125,L,887.2799999999891,tp,300
1770246000,1770246600,5017.79990234375,5027.89990234375,S,-312.72000000001094,sl,600
1770249600,1770253800,5037.1998046875,5007.2998046875,S,887.2799999999891,tp,4200
1770254100,1770255300,4966.3001953125,4996.2001953125,L,887.2799999999891,tp,1200
1770257400,1770257700,4935.3998046875,4925.2998046875,L,-312.72000000001094,sl,300
1770259200,1770259500,4915.20009765625,4905.10009765625,L,-312.72000000001094,sl,300
1770293400,1770293700,4861.8998046875,4851.7998046875,L,-312.72000000001094,sl,300
1770310200,1770310800,4926.4,4896.5,S,887.2799999999891,tp,600
1770327000,1770328200,4790.3001953125,4780.2001953125,L,-312.72000000001094,sl,1200
1770333300,1770333900,4780.8998046875,4770.7998046875,L,-312.72000000001094,sl,600
1770345000,1770345600,4853.4,4863.5,S,-312.72000000001094,sl,600
1770355800,1770356400,4872.9,4883.0,S,-312.72000000001094,sl,600
1770382800,1770384900,4946.6001953125,4956.7001953125,S,-312.72000000001094,sl,2100
1770592200,1770592500,5003.9,5014.0,S,-312.72000000001094,sl,300
1770596100,1770599100,5057.50009765625,5027.60009765625,S,887.2799999999891,tp,3000
1770616800,1770618000,5065.9,5036.0,S,887.2799999999891,tp,1200
1770632700,1770640500,5012.6,5042.5,L,887.2799999999891,tp,7800
1770647400,1770651000,5058.00009765625,5068.10009765625,S,-312.72000000001094,sl,3600
1770651600,1770652800,5079.4,5089.5,S,-312.72000000001094,sl,1200
1770654900,1770659700,5099.4,5069.5,S,887.2799999999891,tp,4800
1770678300,1770678600,5047.99990234375,5037.89990234375,L,-312.72000000001094,sl,300
1770727500,1770730200,5048.20009765625,5078.10009765625,L,887.2799999999891,tp,2700
1770765600,1770778200,5070.6998046875,5080.7998046875,S,-312.72000000001094,sl,12600
1770804900,1770806400,5095.6998046875,5105.7998046875,S,-312.72000000001094,sl,1500
1770809100,1770811200,5132.29990234375,5142.39990234375,S,-312.72000000001094,sl,2100
1770912600,1770912900,4972.99990234375,4962.89990234375,L,-312.72000000001094,sl,300
1770937200,1770938100,4912.49990234375,4942.39990234375,L,887.2799999999891,tp,900
1770945300,1770946800,4989.6001953125,4999.7001953125,S,-312.72000000001094,sl,1500
1770962100,1770966900,4965.49990234375,4995.39990234375,L,887.2799999999891,tp,4800
1770980400,1770981600,4966.8001953125,4956.7001953125,L,-312.72000000001094,sl,1200
1770989400,1770992100,5013.9,5024.0,S,-312.72000000001094,sl,2700
1770993000,1770993600,5026.1001953125,4996.2001953125,S,887.2799999999891,tp,600
1771209600,1771210200,5021.70009765625,5011.60009765625,L,-312.72000000001094,sl,600
1771212900,1771213500,5010.6,5000.5,L,-312.72000000001094,sl,600
1771214700,1771304400,4996.8001953125,4986.7001953125,L,-312.72000000001094,sl,89700
1771309500,1771315200,4913.20009765625,4943.10009765625,L,887.2799999999891,tp,5700
1771336500,1771336800,4889.49990234375,4879.39990234375,L,-312.72000000001094,sl,300
1771339500,1771340400,4883.99990234375,4873.89990234375,L,-312.72000000001094,sl,900
1771380300,1771383600,4917.9,4928.0,S,-312.72000000001094,sl,3300
1771392900,1771405200,4958.1998046875,4935.1,S,683.2741406249781,sig,12300
1771405200,1771419300,4935.1,4965.0,L,887.2799999999891,tp,14100
1771425000,1771425300,4990.6001953125,5000.7001953125,S,-312.72000000001094,sl,300
1771429200,1771433100,5020.9,5031.0,S,-312.72000000001094,sl,3900
1771455600,1771459200,4991.8001953125,4981.7001953125,L,-312.72000000001094,sl,3600
1771479300,1771482600,5012.1998046875,5022.2998046875,S,-312.72000000001094,sl,3300
1771495200,1771497000,5010.99990234375,5000.89990234375,L,-312.72000000001094,sl,1800
1771514700,1771522500,5035.6001953125,5005.7001953125,S,887.2799999999891,tp,7800
1771533900,1771549500,5021.29990234375,5031.39990234375,S,-312.72000000001094,sl,15600
1771549800,1771558800,5031.79990234375,5001.89990234375,S,887.2799999999891,tp,9000
1771568400,1771578000,5040.6001953125,5050.7001953125,S,-312.72000000001094,sl,9600
1771578600,1771590600,5058.9,5029.0,S,887.2799999999891,tp,12000
1771598400,1771599600,5072.6998046875,5082.7998046875,S,-312.72000000001094,sl,1200
1771620900,1771624200,5119.29990234375,5129.39990234375,S,-312.72000000001094,sl,3300
1771624500,1771801800,5080.99990234375,5110.89990234375,L,887.2799999999891,tp,177300
1771803600,1771804500,5181.1001953125,5191.2001953125,S,-312.72000000001094,sl,900
1771857300,1771857900,5204.50009765625,5214.60009765625,S,-312.72000000001094,sl,600
1771860300,1771863300,5218.6998046875,5228.7998046875,S,-312.72000000001094,sl,3000
1771877700,1771879800,5243.6998046875,5253.7998046875,S,-312.72000000001094,sl,2100
1771887600,1771894800,5262.6998046875,5232.7998046875,S,887.2799999999891,tp,7200
1771895100,1771895400,5226.1,5216.0,L,-312.72000000001094,sl,300
1771935300,1771940100,5170.20009765625,5160.10009765625,L,-312.72000000001094,sl,4800
1771940700,1771941300,5144.99990234375,5134.89990234375,L,-312.72000000001094,sl,600
1771942200,1771944000,5123.3001953125,5153.2001953125,L,887.2799999999891,tp,1800
1771974000,1771981500,5154.1,5184.0,L,887.2799999999891,tp,7500
1771981800,1771982100,5192.1998046875,5202.2998046875,S,-312.72000000001094,sl,300
1771982700,1771996500,5202.79990234375,5212.89990234375,S,-312.72000000001094,sl,13800
1771998000,1772015100,5222.00009765625,5192.10009765625,S,887.2799999999891,tp,17100
1772015400,1772017800,5192.20009765625,5182.10009765625,L,-312.72000000001094,sl,2400
1772030100,1772031300,5178.6,5208.5,L,887.2799999999891,tp,1200
1772050500,1772052000,5203.8001953125,5193.7001953125,L,-312.72000000001094,sl,1500
1772052900,1772065500,5169.99990234375,5199.89990234375,L,887.2799999999891,tp,12600
1772083200,1772094600,5218.9,5189.0,S,887.2799999999891,tp,11400
1772119500,1772120400,5157.6,5187.5,L,887.2799999999891,tp,900
1772197200,1772197500,5212.1001953125,5222.2001953125,S,-312.72000000001094,sl,300
1772208600,1772209200,5273.29990234375,5243.39990234375,S,887.2799999999891,tp,600
1772223600,1772228400,5279.6998046875,5289.7998046875,S,-312.72000000001094,sl,4800
1772406600,1772406900,5360.1998046875,5370.2998046875,S,-312.72000000001094,sl,300
1772431500,1772433900,5388.79990234375,5398.89990234375,S,-312.72000000001094,sl,2400
1772437500,1772445900,5426.1001953125,5396.2001953125,S,887.2799999999891,tp,8400
1772461200,1772461500,5362.49990234375,5352.39990234375,L,-312.72000000001094,sl,300
1772467200,1772467800,5286.8998046875,5316.7998046875,L,887.2799999999891,tp,600
1772500500,1772502300,5386.29990234375,5356.39990234375,S,887.2799999999891,tp,1800
1772516100,1772516700,5351.8998046875,5341.7998046875,L,-312.72000000001094,sl,600
1772529900,1772531100,5253.3998046875,5283.2998046875,L,887.2799999999891,tp,1200
1772535900,1772536200,5181.20009765625,5171.10009765625,L,-312.72000000001094,sl,300
1772537100,1772537400,5136.49990234375,5126.39990234375,L,-312.72000000001094,sl,300
1772548800,1772549100,5081.49990234375,5071.39990234375,L,-312.72000000001094,sl,300
1772589900,1772592900,5194.4,5164.5,S,887.2799999999891,tp,3000
1772619000,1772627700,5209.6998046875,5179.7998046875,S,887.2799999999891,tp,8700
1772669100,1772669700,5178.9,5189.0,S,-312.72000000001094,sl,600
