entry_time,exit_time,entry_price,exit_price,direction,contracts,pnl,costs,exit_reason,hold_seconds
1770274440,1770274620,4928.29990234375,4938.39990234375,Short,1,-104.24000000000363,3.24,stop_loss,180
1770274800,1770275880,4945.20009765625,4935.10009765625,Long,1,-104.24000000000363,3.24,stop_loss,1080
1770276780,1770277140,4937.29990234375,4917.39990234375,Short,1,195.75999999999635,3.24,take_profit,360
1770278580,1770279120,4939.3998046875,4959.2998046875,Long,1,195.75999999999635,3.24,take_profit,540
1770280020,1770282000,4940.50009765625,4920.60009765625,Short,1,195.75999999999635,3.24,take_profit,1980
1770283440,1770283620,4906.8998046875,4896.7998046875,Long,1,-104.24000000000363,3.24,stop_loss,180
1770285060,1770285240,4892.00009765625,4872.10009765625,Short,1,195.75999999999635,3.24,take_profit,180
1770286500,1770286860,4886.8998046875,4876.7998046875,Long,1,-104.24000000000363,3.24,stop_loss,360
1770287220,1770287760,4883.00009765625,4893.10009765625,Short,1,-104.24000000000363,3.24,stop_loss,540
1770288120,1770291540,4896.8001953125,4899.50009765625,Long,1,23.759023437492722,3.24,opposite_signal,3420
1770291540,1770293160,4899.50009765625,4879.60009765625,Short,1,195.75999999999635,3.24,take_profit,1620
1770294420,1770294780,4869.20009765625,4889.10009765625,Long,1,195.75999999999635,3.24,take_profit,360
1770296400,1770296760,4846.9,4827.0,Short,1,195.75999999999635,3.24,take_profit,360
1770297480,1770297840,4863.6,4883.5,Long,1,195.75999999999635,3.24,take_profit,360
1770298920,1770299100,4847.29990234375,4857.39990234375,Short,1,-104.24000000000363,3.24,stop_loss,180
1770301620,1770301800,4857.1,4847.0,Long,1,-104.24000000000363,3.24,stop_loss,180
1770301980,1770302160,4839.9,4850.0,Short,1,-104.24000000000363,3.24,stop_loss,180
1770302340,1770302880,4876.49990234375,4866.39990234375,Long,1,-104.24000000000363,3.24,stop_loss,540
1770303780,1770303960,4850.29990234375,4860.39990234375,Short,1,-104.24000000000363,3.24,stop_loss,180
1770307560,1770307920,4856.6,4846.5,Long,1,-104.24000000000363,3.24,stop_loss,360
1770310980,1770312060,4902.79990234375,4882.89990234375,Short,1,195.75999999999635,3.24,take_profit,1080
1770316020,1770316200,4892.20009765625,4882.10009765625,Long,1,-104.24000000000363,3.24,stop_loss,180
1770317640,1770318360,4876.1001953125,4886.2001953125,Short,1,-104.24000000000363,3.24,stop_loss,720
1770322140,1770322680,4856.8998046875,4846.7998046875,Long,1,-104.24000000000363,3.24,stop_loss,540
1770322860,1770323220,4837.1998046875,4847.2998046875,Short,1,-104.24000000000363,3.24,stop_loss,360
1770325200,1770325560,4842.20009765625,4832.10009765625,Long,1,-104.24000000000363,3.24,stop_loss,360
1770325740,1770327180,4826.6001953125,4806.7001953125,Short,1,195.75999999999635,3.24,take_profit,1440
1770337440,1770337980,4731.6,4751.5,Long,1,195.75999999999635,3.24,take_profit,540
1770339600,1770339780,4711.9,4722.0,Short,1,-104.24000000000363,3.24,stop_loss,180
1770339960,1770340140,4764.3001953125,4754.2001953125,Long,1,-104.24000000000363,3.24,stop_loss,180
1770340680,1770341040,4741.9,4722.0,Short,1,195.75999999999635,3.24,take_profit,360
1770341580,1770341940,4760.70009765625,4750.60009765625,Long,1,-104.24000000000363,3.24,stop_loss,360
1770346260,1770346440,4829.9,4840.0,Short,1,-104.24000000000363,3.24,stop_loss,180
1770347160,1770347340,4846.6,4836.5,Long,1,-104.24000000000363,3.24,stop_loss,180
1770348060,1770348600,4825.1998046875,4835.2998046875,Short,1,-104.24000000000363,3.24,stop_loss,540
1770349860,1770350400,4842.49990234375,4832.39990234375,Long,1,-104.24000000000363,3.24,stop_loss,540
1770353640,1770354540,4832.50009765625,4842.60009765625,Short,1,-104.24000000000363,3.24,stop_loss,900
1770357960,1770359040,4889.79990234375,4869.89990234375,Short,1,195.75999999999635,3.24,take_profit,1080
1770360480,1770360660,4874.6,4864.5,Long,1,-104.24000000000363,3.24,stop_loss,180
1770360840,1770361020,4847.79990234375,4857.89990234375,Short,1,-104.24000000000363,3.24,stop_loss,180
1770362100,1770364620,4867.70009765625,4862.1998046875,Long,1,-58.24292968750728,3.24,opposite_signal,2520
1770364620,1770365340,4862.1998046875,4872.2998046875,Short,1,-104.24000000000363,3.24,stop_loss,720
1770367140,1770368400,4880.6001953125,4890.7001953125,Short,1,-104.24000000000363,3.24,stop_loss,1260
1770369660,1770373260,4883.3001953125,4876.6998046875,Long,1,-69.24390625000727,3.24,opposite_signal,3600
1770373260,1770373980,4876.6998046875,4886.7998046875,Short,1,-104.24000000000363,3.24,stop_loss,720
1770375960,1770376320,4895.79990234375,4905.89990234375,Short,1,-104.24000000000363,3.24,stop_loss,360
1770380280,1770381360,4909.50009765625,4912.3001953125,Short,1,-31.240976562507278,3.24,opposite_signal,1080
1770381360,1770382800,4912.3001953125,4932.2001953125,Long,1,195.75999999999635,3.24,take_profit,1440
1770383700,1770384060,4933.1001953125,4943.2001953125,Short,1,-104.24000000000363,3.24,stop_loss,360
1770384420,1770384600,4931.1001953125,4941.2001953125,Short,1,-104.24000000000363,3.24,stop_loss,180
1770384780,1770386760,4945.8001953125,4935.7001953125,Long,1,-104.24000000000363,3.24,stop_loss,1980
1770388380,1770389820,4951.1,4971.0,Long,1,195.75999999999635,3.24,take_profit,1440
1770392700,1770395040,4968.6001953125,4948.7001953125,Short,1,195.75999999999635,3.24,take_profit,2340
1770396480,1770399000,4968.8001953125,4988.7001953125,Long,1,195.75999999999635,3.24,take_profit,2520
1770402060,1770402960,4982.6001953125,4988.70009765625,Short,1,-64.23902343750727,3.24,opposite_signal,900
1770402960,1770404760,4988.70009765625,4983.1001953125,Long,1,-59.23902343750728,3.24,opposite_signal,1800
1770404760,1770407280,4983.1001953125,4984.70009765625,Short,1,-19.239023437507278,3.24,opposite_signal,2520
1770407280,1770408000,4984.70009765625,4974.60009765625,Long,1,-104.24000000000363,3.24,stop_loss,720
1770410520,1770412680,4967.99990234375,4974.1001953125,Long,1,57.76292968749272,3.24,opposite_signal,2160
1770412680,1770413760,4974.1001953125,4984.2001953125,Short,1,-104.24000000000363,3.24,stop_loss,1080
1770595920,1770596100,5051.29990234375,5061.39990234375,Short,1,-104.24000000000363,3.24,stop_loss,180
1770598800,1770598980,5060.8001953125,5050.7001953125,Long,1,-104.24000000000363,3.24,stop_loss,180
1770599160,1770599880,5041.00009765625,5051.10009765625,Short,1,-104.24000000000363,3.24,stop_loss,720
1770602940,1770605100,5015.8998046875,5005.7998046875,Long,1,-104.24000000000363,3.24,stop_loss,2160
1770605460,1770607800,5031.20009765625,5051.10009765625,Long,1,195.75999999999635,3.24,take_profit,2340
1770609420,1770613740,5037.00009765625,5040.8001953125,Short,1,-41.24097656250728,3.24,opposite_signal,4320
1770613740,1770615720,5040.8001953125,5060.7001953125,Long,1,195.75999999999635,3.24,take_profit,1980
1770616080,1770616440,5051.4,5058.20009765625,Short,1,-71.24097656250727,3.24,opposite_signal,360
1770616440,1770617700,5058.20009765625,5052.6998046875,Long,1,-58.24292968750728,3.24,opposite_signal,1260
1770617700,1770619140,5052.6998046875,5047.99990234375,Short,1,43.75902343749272,3.24,opposite_signal,1440
1770619140,1770620400,5047.99990234375,5045.9,Long,1,-24.239023437507278,3.24,opposite_signal,1260
1770620400,1770621660,5045.9,5026.0,Short,1,195.75999999999635,3.24,take_profit,1260
1770622380,1770623460,5031.8001953125,5023.1001953125,Long,1,-90.24000000000727,3.24,opposite_signal,1080
1770623460,1770624180,5023.1001953125,5033.2001953125,Short,1,-104.24000000000363,3.24,stop_loss,720
1770628140,1770630660,5049.6998046875,5029.7998046875,Short,1,195.75999999999635,3.24,take_profit,2520
1770631560,1770632640,5032.6,5022.5,Long,1,-104.24000000000363,3.24,stop_loss,1080
1770634260,1770637860,5015.99990234375,5035.89990234375,Long,1,195.75999999999635,3.24,take_profit,3600
1770641820,1770642360,5035.6001953125,5044.70009765625,Short,1,-94.23902343750727,3.24,opposite_signal,540
1770642360,1770643260,5044.70009765625,5034.60009765625,Long,1,-104.24000000000363,3.24,stop_loss,900
1770645060,1770647400,5031.6,5051.5,Long,1,195.75999999999635,3.24,take_profit,2340
1770649920,1770651000,5051.9,5062.0,Short,1,-104.24000000000363,3.24,stop_loss,1080
1770656580,1770659460,5095.00009765625,5075.10009765625,Short,1,195.75999999999635,3.24,take_profit,2880
1770660180,1770661260,5080.1,5070.0,Long,1,-104.24000000000363,3.24,stop_loss,1080
1770669360,1770672420,5101.9,5082.0,Short,1,195.75999999999635,3.24,take_profit,3060
1770673140,1770678360,5089.1,5079.0,Long,1,-104.24000000000363,3.24,stop_loss,5220
1770680160,1770680520,5043.6,5063.5,Long,1,195.75999999999635,3.24,take_profit,360
1770683580,1770684300,5052.00009765625,5032.10009765625,Short,1,195.75999999999635,3.24,take_profit,720
1770685740,1770686460,5053.49990234375,5043.39990234375,Long,1,-104.24000000000363,3.24,stop_loss,720
1770687540,1770690060,5054.70009765625,5074.60009765625,Long,1,195.75999999999635,3.24,take_profit,2520
1770690780,1770691320,5064.29990234375,5074.39990234375,Short,1,-104.24000000000363,3.24,stop_loss,540
1770694380,1770695820,5051.6,5041.5,Long,1,-104.24000000000363,3.24,stop_loss,1440
1770696180,1770696900,5039.79990234375,5049.89990234375,Short,1,-104.24000000000363,3.24,stop_loss,720
1770698880,1770700500,5053.3998046875,5045.79990234375,Long,1,-79.23902343750727,3.24,opposite_signal,1620
1770700500,1770701580,5045.79990234375,5047.1,Short,1,-16.240976562507278,3.24,opposite_signal,1080
1770701580,1770703560,5047.1,5067.0,Long,1,195.75999999999635,3.24,take_profit,1980
1770703920,1770707340,5058.50009765625,5052.1,Short,1,60.76097656249272,3.24,opposite_signal,3420
1770707340,1770708240,5052.1,5042.0,Long,1,-104.24000000000363,3.24,stop_loss,900
1770708780,1770713100,5053.99990234375,5073.89990234375,Long,1,195.75999999999635,3.24,take_profit,4320
1770713640,1770714180,5063.1001953125,5073.2001953125,Short,1,-104.24000000000363,3.24,stop_loss,540
1770714900,1770715440,5069.6001953125,5074.8998046875,Short,1,-56.23609375000728,3.24,opposite_signal,540
1770715440,1770715980,5074.8998046875,5070.6001953125,Long,1,-46.23609375000728,3.24,opposite_signal,540
1770715980,1770717780,5070.6001953125,5072.3998046875,Short,1,-21.236093750007278,3.24,opposite_signal,1800
1770717780,1770718320,5072.3998046875,5063.79990234375,Long,1,-89.23902343750727,3.24,opposite_signal,540
1770718320,1770719040,5063.79990234375,5070.6,Short,1,-71.24097656250727,3.24,opposite_signal,720
1770719040,1770720840,5070.6,5070.6998046875,Long,1,-2.241953125007276,3.24,opposite_signal,1800
1770720840,1770724260,5070.6998046875,5079.3001953125,Short,1,-89.24390625000727,3.24,opposite_signal,3420
1770724260,1770725160,5079.3001953125,5069.2001953125,Long,1,-104.24000000000363,3.24,stop_loss,900
1770728220,1770729840,5054.99990234375,5057.1998046875,Long,1,18.759023437492722,3.24,opposite_signal,1620
1770729840,1770730200,5057.1998046875,5067.2998046875,Short,1,-104.24000000000363,3.24,stop_loss,360
1770734160,1770734700,5083.9,5064.0,Short,1,195.75999999999635,3.24,take_profit,540
1770735240,1770735600,5067.6,5057.5,Long,1,-104.24000000000363,3.24,stop_loss,360
1770737400,1770737760,5058.29990234375,5038.39990234375,Short,1,195.75999999999635,3.24,take_profit,360
1770738480,1770739200,5048.8998046875,5038.7998046875,Long,1,-104.24000000000363,3.24,stop_loss,720
1770739560,1770739920,5035.6001953125,5045.7001953125,Short,1,-104.24000000000363,3.24,stop_loss,360
1770741900,1770745860,5047.49990234375,5052.4,Long,1,45.76097656249272,3.24,opposite_signal,3960
1770745860,1770747480,5052.4,5032.5,Short,1,195.75999999999635,3.24,take_profit,1620
1770751080,1770753960,5041.8998046875,5047.1001953125,Long,1,48.76390624999272,3.24,opposite_signal,2880
1770753960,1770754680,5047.1001953125,5055.8001953125,Short,1,-90.24000000000727,3.24,opposite_signal,720
1770754680,1770755040,5055.8001953125,5046.79990234375,Long,1,-93.24292968750727,3.24,opposite_signal,360
1770755040,1770755940,5046.79990234375,5056.3001953125,Short,1,-98.24292968750727,3.24,opposite_signal,900
1770755940,1770756840,5056.3001953125,5053.29990234375,Long,1,-33.24292968750728,3.24,opposite_signal,900
1770756840,1770760260,5053.29990234375,5049.49990234375,Short,1,34.75999999999272,3.24,opposite_signal,3420
1770760260,1770765480,5049.49990234375,5069.39990234375,Long,1,195.75999999999635,3.24,take_profit,5220
1770766380,1770769440,5061.9,5062.1,Short,1,-5.240000000007276,3.24,opposite_signal,3060
1770769440,1770770700,5062.1,5062.6001953125,Long,1,1.7619531249927238,3.24,opposite_signal,1260
1770770700,1770771780,5062.6001953125,5064.20009765625,Short,1,-19.239023437507278,3.24,opposite_signal,1080
1770771780,1770773040,5064.20009765625,5057.9,Long,1,-66.24097656250727,3.24,opposite_signal,1260
1770773040,1770773940,5057.9,5068.0,Short,1,-104.24000000000363,3.24,stop_loss,900
1770775380,1770776280,5067.6001953125,5067.49990234375,Short,1,-2.237070312507276,3.24,opposite_signal,900
1770776280,1770779700,5067.49990234375,5072.00009765625,Long,1,41.76195312499272,3.24,opposite_signal,3420
1770779700,1770780060,5072.00009765625,5081.3998046875,Short,1,-97.23707031250727,3.24,opposite_signal,360
1770780060,1770782220,5081.3998046875,5078.9,Long,1,-28.238046875007278,3.24,opposite_signal,2160
1770782220,1770783300,5078.9,5081.49990234375,Short,1,-29.239023437507278,3.24,opposite_signal,1080
1770783300,1770784920,5081.49990234375,5075.9,Long,1,-59.23902343750728,3.24,opposite_signal,1620
1770784920,1770787080,5075.9,5075.3001953125,Short,1,2.758046874992724,3.24,opposite_signal,2160
1770787080,1770788880,5075.3001953125,5075.6001953125,Long,1,-0.24000000000727617,3.24,opposite_signal,1800
1770788880,1770789960,5075.6001953125,5080.8001953125,Short,1,-55.24000000000728,3.24,opposite_signal,1080
1770789960,1770792300,5080.8001953125,5080.50009765625,Long,1,-6.240976562507276,3.24,opposite_signal,2340
1770792300,1770792660,5080.50009765625,5084.1,Short,1,-39.23902343750728,3.24,opposite_signal,360
1770792660,1770794460,5084.1,5080.4,Long,1,-40.24000000000728,3.24,opposite_signal,1800
1770794460,1770796800,5080.4,5082.8998046875,Short,1,-28.238046875007278,3.24,opposite_signal,2340
1770796800,1770797340,5082.8998046875,5078.4,Long,1,-48.23804687500728,3.24,opposite_signal,540
1770797340,1770799320,5078.4,5076.20009765625,Short,1,18.759023437492722,3.24,opposite_signal,1980
1770799320,1770800760,5076.20009765625,5072.9,Long,1,-36.24097656250728,3.24,opposite_signal,1440
1770800760,1770801480,5072.9,5076.3001953125,Short,1,-37.24195312500728,3.24,opposite_signal,720
1770801480,1770803460,5076.3001953125,5084.79990234375,Long,1,81.75707031249273,3.24,opposite_signal,1980
1770803460,1770804720,5084.79990234375,5092.8001953125,Short,1,-83.24292968750727,3.24,opposite_signal,1260
1770804720,1770806520,5092.8001953125,5112.7001953125,Long,1,195.75999999999635,3.24,take_profit,1800
1770807780,1770808500,5111.79990234375,5121.89990234375,Short,1,-104.24000000000363,3.24,stop_loss,720
1770808680,1770811200,5121.99990234375,5141.89990234375,Long,1,195.75999999999635,3.24,take_profit,2520
1770811380,1770812280,5131.50009765625,5111.60009765625,Short,1,195.75999999999635,3.24,take_profit,900
1770814260,1770815700,5102.3001953125,5092.2001953125,Long,1,-104.24000000000363,3.24,stop_loss,1440
1770816240,1770816600,5110.70009765625,5100.60009765625,Long,1,-104.24000000000363,3.24,stop_loss,360
1770817320,1770819300,5083.49990234375,5103.39990234375,Long,1,195.75999999999635,3.24,take_profit,1980
1770820380,1770820740,5089.00009765625,5069.10009765625,Short,1,195.75999999999635,3.24,take_profit,360
1770821460,1770822180,5079.1,5099.0,Long,1,195.75999999999635,3.24,take_profit,720
1770823080,1770823620,5087.00009765625,5067.10009765625,Short,1,195.75999999999635,3.24,take_profit,540
1770825240,1770826500,5082.99990234375,5072.89990234375,Long,1,-104.24000000000363,3.24,stop_loss,1260
1770833160,1770834960,5107.50009765625,5108.1,Short,1,-9.239023437507276,3.24,opposite_signal,1800
1770834960,1770838380,5108.1,5110.1998046875,Long,1,17.758046874992722,3.24,opposite_signal,3420
1770838380,1770840720,5110.1998046875,5112.49990234375,Short,1,-26.240976562507278,3.24,opposite_signal,2340
1770840720,1770841800,5112.49990234375,5103.79990234375,Long,1,-90.24000000000727,3.24,opposite_signal,1080
1770841800,1770842520,5103.79990234375,5110.99990234375,Short,1,-75.24000000000727,3.24,opposite_signal,720
1770842520,1770845220,5110.99990234375,5106.79990234375,Long,1,-45.24000000000728,3.24,opposite_signal,2700
1770845220,1770845760,5106.79990234375,5105.70009765625,Short,1,7.758046874992724,3.24,opposite_signal,540
1770845760,1770851160,5105.70009765625,5102.9,Long,1,-31.240976562507278,3.24,opposite_signal,5400
1770851160,1770851340,5102.9,5083.0,Short,1,195.75999999999635,3.24,take_profit,180
1770853680,1770854220,5091.99990234375,5081.89990234375,Long,1,-104.24000000000363,3.24,stop_loss,540
1770856380,1770858180,5085.3001953125,5075.2001953125,Long,1,-104.24000000000363,3.24,stop_loss,1800
1770859080,1770863760,5080.3001953125,5081.1001953125,Long,1,4.759999999992724,3.24,opposite_signal,4680
1770863760,1770864660,5081.1001953125,5084.8001953125,Short,1,-40.24000000000728,3.24,opposite_signal,900
1770864660,1770866460,5084.8001953125,5086.79990234375,Long,1,16.757070312492722,3.24,opposite_signal,1800
1770866460,1770867360,5086.79990234375,5085.20009765625,Short,1,12.758046874992724,3.24,opposite_signal,900
1770867360,1770868080,5085.20009765625,5081.9,Long,1,-36.24097656250728,3.24,opposite_signal,720
1770868080,1770870780,5081.9,5080.20009765625,Short,1,13.759023437492724,3.24,opposite_signal,2700
1770870780,1770874200,5080.20009765625,5086.4,Long,1,58.75902343749272,3.24,opposite_signal,3420
1770874200,1770874920,5086.4,5092.8998046875,Short,1,-68.23804687500727,3.24,opposite_signal,720
1770874920,1770876180,5092.8998046875,5089.9,Long,1,-33.23804687500728,3.24,opposite_signal,1260
1770876180,1770878160,5089.9,5070.0,Short,1,195.75999999999635,3.24,take_profit,1980
1770878520,1770882300,5080.1,5078.29990234375,Long,1,-21.240976562507278,3.24,opposite_signal,3780
1770882300,1770883020,5078.29990234375,5085.3998046875,Short,1,-74.23902343750727,3.24,opposite_signal,720
1770883020,1770884280,5085.3998046875,5087.50009765625,Long,1,17.762929687492722,3.24,opposite_signal,1260
1770884280,1770885540,5087.50009765625,5084.6,Short,1,25.760976562492722,3.24,opposite_signal,1260
1770885540,1770890220,5084.6,5094.9,Long,1,99.75999999999273,3.24,opposite_signal,4680
1770890220,1770894180,5094.9,5083.99990234375,Short,1,105.76097656249273,3.24,opposite_signal,3960
1770894180,1770897420,5083.99990234375,5085.50009765625,Long,1,11.761953124992724,3.24,opposite_signal,3240
1770897420,1770899580,5085.50009765625,5089.70009765625,Short,1,-45.24000000000728,3.24,opposite_signal,2160
1770899580,1770900120,5089.70009765625,5079.60009765625,Long,1,-104.24000000000363,3.24,stop_loss,540
1770901200,1770902820,5078.99990234375,5086.6001953125,Long,1,72.76292968749273,3.24,opposite_signal,1620
1770902820,1770903180,5086.6001953125,5096.7001953125,Short,1,-104.24000000000363,3.24,stop_loss,360
1770904800,1770905700,5099.50009765625,5079.60009765625,Short,1,195.75999999999635,3.24,take_profit,900
1770906780,1770906960,5089.1,5079.0,Long,1,-104.24000000000363,3.24,stop_loss,180
1770907140,1770908040,5082.00009765625,5062.10009765625,Short,1,195.75999999999635,3.24,take_profit,900
1770908580,1770911100,5076.20009765625,5096.10009765625,Long,1,195.75999999999635,3.24,take_profit,2520
1770911820,1770912540,5083.79990234375,5063.89990234375,Short,1,195.75999999999635,3.24,take_profit,720
1770913800,1770913980,4961.3998046875,4951.2998046875,Long,1,-104.24000000000363,3.24,stop_loss,180
1770918480,1770919380,4972.9,4953.0,Short,1,195.75999999999635,3.24,take_profit,900
1770921360,1770923520,4953.3998046875,4953.1998046875,Long,1,-5.240000000007276,3.24,opposite_signal,2160
1770923520,1770923880,4953.1998046875,4963.2998046875,Short,1,-104.24000000000363,3.24,stop_loss,360
1770924780,1770926400,4968.70009765625,4963.00009765625,Long,1,-60.24000000000728,3.24,opposite_signal,1620
1770926400,1770928020,4963.00009765625,4943.10009765625,Short,1,195.75999999999635,3.24,take_profit,1620
1770933240,1770937200,4942.8001953125,4932.7001953125,Long,1,-104.24000000000363,3.24,stop_loss,3960
1770937740,1770938280,4926.3001953125,4946.2001953125,Long,1,195.75999999999635,3.24,take_profit,540
1770939540,1770940800,4930.4,4940.5,Short,1,-104.24000000000363,3.24,stop_loss,1260
1770940980,1770941340,4946.70009765625,4966.60009765625,Long,1,195.75999999999635,3.24,take_profit,360
1770943860,1770944400,4952.00009765625,4962.10009765625,Short,1,-104.24000000000363,3.24,stop_loss,540
1770950340,1770950520,4995.50009765625,5005.60009765625,Short,1,-104.24000000000363,3.24,stop_loss,180
1770951420,1770952500,5008.1,4998.0,Long,1,-104.24000000000363,3.24,stop_loss,1080
1770952680,1770955920,4997.29990234375,5004.99990234375,Short,1,-80.24000000000727,3.24,opposite_signal,3240
1770955920,1770957000,5004.99990234375,5004.1001953125,Long,1,-12.237070312507276,3.24,opposite_signal,1080
1770957000,1770959880,5004.1001953125,4984.2001953125,Short,1,195.75999999999635,3.24,take_profit,2880
1770960060,1770960600,4997.20009765625,4987.10009765625,Long,1,-104.24000000000363,3.24,stop_loss,540
1770962940,1770963660,4979.70009765625,4969.60009765625,Long,1,-104.24000000000363,3.24,stop_loss,720
1770972660,1770975900,4999.1001953125,4994.6,Short,1,41.76195312499272,3.24,opposite_signal,3240
1770975900,1770978960,4994.6,4990.4,Long,1,-45.24000000000728,3.24,opposite_signal,3060
1770978960,1770980220,4990.4,4970.5,Short,1,195.75999999999635,3.24,take_profit,1260
1770983640,1770985260,4971.6,4991.5,Long,1,195.75999999999635,3.24,take_profit,1620
1770988680,1770989040,4980.00009765625,4990.10009765625,Short,1,-104.24000000000363,3.24,stop_loss,360
1770989400,1770990300,5003.8001953125,4994.4,Long,1,-97.24195312500727,3.24,opposite_signal,900
1770990300,1770990480,4994.4,5004.5,Short,1,-104.24000000000363,3.24,stop_loss,180
1770990840,1770993180,5010.49990234375,5030.39990234375,Long,1,195.75999999999635,3.24,take_profit,2340
1770993540,1770993720,4987.29990234375,4997.39990234375,Short,1,-104.24000000000363,3.24,stop_loss,180
1770993900,1770994080,5023.20009765625,5013.10009765625,Long,1,-104.24000000000363,3.24,stop_loss,180
1770997680,1770998220,5017.9,4998.0,Short,1,195.75999999999635,3.24,take_profit,540
1770998760,1770999840,5015.1,5035.0,Long,1,195.75999999999635,3.24,take_profit,1080
1771001280,1771003800,5035.6998046875,5043.8001953125,Short,1,-84.24390625000727,3.24,opposite_signal,2520
1771003800,1771009560,5043.8001953125,5063.7001953125,Long,1,195.75999999999635,3.24,take_profit,5760
1771011540,1771016400,5056.79990234375,5056.20009765625,Short,1,2.758046874992724,3.24,opposite_signal,4860
1771016400,1771019820,5056.20009765625,5046.1998046875,Long,1,-103.24292968750727,3.24,opposite_signal,3420
1771019820,1771200180,5046.1998046875,5026.2998046875,Short,1,195.75999999999635,3.24,take_profit,180360
1771200900,1771201440,5037.3998046875,5027.2998046875,Long,1,-104.24000000000363,3.24,stop_loss,540
1771203060,1771203600,5039.1,5029.0,Long,1,-104.24000000000363,3.24,stop_loss,540
1771203960,1771207560,5039.8998046875,5044.6998046875,Long,1,44.75999999999272,3.24,opposite_signal,3600
1771207560,1771209360,5044.6998046875,5024.7998046875,Short,1,195.75999999999635,3.24,take_profit,1800
1771213860,1771214760,5010.3998046875,5000.2998046875,Long,1,-104.24000000000363,3.24,stop_loss,900
1771217280,1771304400,4998.99990234375,4988.89990234375,Long,1,-104.24000000000363,3.24,stop_loss,87120
1771307460,1771310340,4912.20009765625,4932.10009765625,Long,1,195.75999999999635,3.24,take_profit,2880
1771316820,1771318080,4939.1998046875,4943.8001953125,Short,1,-49.24390625000728,3.24,opposite_signal,1260
1771318080,1771319520,4943.8001953125,4940.50009765625,Long,1,-36.24097656250728,3.24,opposite_signal,1440
1771319520,1771321860,4940.50009765625,4950.60009765625,Short,1,-104.24000000000363,3.24,stop_loss,2340
1771324020,1771325640,4947.4,4927.5,Short,1,195.75999999999635,3.24,take_profit,1620
1771326000,1771328160,4938.3998046875,4942.6998046875,Long,1,39.75999999999272,3.24,opposite_signal,2160
1771328160,1771328520,4942.6998046875,4947.1,Short,1,-47.24195312500728,3.24,opposite_signal,360
1771328520,1771331940,4947.1,4955.1001953125,Long,1,76.76195312499273,3.24,opposite_signal,3420
1771331940,1771334100,4955.1001953125,4935.2001953125,Short,1,195.75999999999635,3.24,take_profit,2160
1771335900,1771336260,4940.1,4930.0,Long,1,-104.24000000000363,3.24,stop_loss,360
1771337160,1771338960,4912.49990234375,4902.39990234375,Long,1,-104.24000000000363,3.24,stop_loss,1800
1771339140,1771339680,4898.29990234375,4878.39990234375,Short,1,195.75999999999635,3.24,take_profit,540
1771343100,1771343280,4890.20009765625,4880.10009765625,Long,1,-104.24000000000363,3.24,stop_loss,180
1771346700,1771347600,4895.9,4876.0,Short,1,195.75999999999635,3.24,take_profit,900
1771349400,1771352280,4880.6,4900.5,Long,1,195.75999999999635,3.24,take_profit,2880
1771355520,1771358580,4912.4,4892.5,Short,1,195.75999999999635,3.24,take_profit,3060
1771361280,1771364880,4901.3001953125,4896.00009765625,Long,1,-56.24097656250728,3.24,opposite_signal,3600
1771364880,1771369200,4896.00009765625,4876.10009765625,Short,1,195.75999999999635,3.24,take_profit,4320
1771369920,1771370280,4899.3001953125,4889.2001953125,Long,1,-104.24000000000363,3.24,stop_loss,360
1771370460,1771371000,4888.1001953125,4898.2001953125,Short,1,-104.24000000000363,3.24,stop_loss,540
1771371360,1771373340,4887.1998046875,4884.8998046875,Short,1,19.759999999992722,3.24,opposite_signal,1980
1771373340,1771376580,4884.8998046875,4904.7998046875,Long,1,195.75999999999635,3.24,take_profit,3240
1771390620,1771392240,4951.50009765625,4955.6,Short,1,-44.23902343750728,3.24,opposite_signal,1620
1771392240,1771393500,4955.6,4953.6001953125,Long,1,-23.238046875007278,3.24,opposite_signal,1260
1771393500,1771395660,4953.6001953125,4950.3001953125,Short,1,29.759999999992722,3.24,opposite_signal,2160
1771395660,1771397820,4950.3001953125,4949.6001953125,Long,1,-10.240000000007276,3.24,opposite_signal,2160
1771397820,1771398360,4949.6001953125,4956.70009765625,Short,1,-74.23902343750727,3.24,opposite_signal,540
1771398360,1771399260,4956.70009765625,4954.29990234375,Long,1,-27.241953125007278,3.24,opposite_signal,900
1771399260,1771399800,4954.29990234375,4960.1,Short,1,-61.24097656250728,3.24,opposite_signal,540
1771399800,1771400520,4960.1,4954.00009765625,Long,1,-64.23902343750727,3.24,opposite_signal,720
1771400520,1771405560,4954.00009765625,4934.10009765625,Short,1,195.75999999999635,3.24,take_profit,5040
1771406640,1771410600,4942.20009765625,4938.6998046875,Long,1,-38.24292968750728,3.24,opposite_signal,3960
1771410600,1771413300,4938.6998046875,4936.8998046875,Short,1,14.759999999992724,3.24,opposite_signal,2700
1771413300,1771414380,4936.8998046875,4933.1001953125,Long,1,-41.23609375000728,3.24,opposite_signal,1080
1771414380,1771415460,4933.1001953125,4934.8001953125,Short,1,-20.240000000007278,3.24,opposite_signal,1080
1771415460,1771417620,4934.8001953125,4941.29990234375,Long,1,61.75707031249272,3.24,opposite_signal,2160
1771417620,1771418340,4941.29990234375,4947.3001953125,Short,1,-63.24292968750728,3.24,opposite_signal,720
1771418340,1771419420,4947.3001953125,4967.2001953125,Long,1,195.75999999999635,3.24,take_profit,1080
1771422120,1771423380,4976.1998046875,4977.99990234375,Short,1,-21.240976562507278,3.24,opposite_signal,1260
1771423380,1771425000,4977.99990234375,4997.89990234375,Long,1,195.75999999999635,3.24,take_profit,1620
1771429500,1771432380,5017.1998046875,5025.20009765625,Short,1,-83.24292968750727,3.24,opposite_signal,2880
1771432380,1771433820,5025.20009765625,5021.1001953125,Long,1,-44.23902343750728,3.24,opposite_signal,1440
1771433820,1771437240,5021.1001953125,5021.3001953125,Short,1,-5.240000000007276,3.24,opposite_signal,3420
1771437240,1771438680,5021.3001953125,5015.9,Long,1,-57.24195312500728,3.24,opposite_signal,1440
1771438680,1771441380,5015.9,5010.1,Short,1,54.75999999999272,3.24,opposite_signal,2700
1771441380,1771442820,5010.1,5000.0,Long,1,-104.24000000000363,3.24,stop_loss,1440
1771443900,1771445520,5002.49990234375,4998.9,Long,1,-39.23902343750728,3.24,opposite_signal,1620
1771445520,1771446960,4998.9,5005.6,Short,1,-70.24000000000727,3.24,opposite_signal,1440
1771446960,1771449120,5005.6,5001.1998046875,Long,1,-47.24195312500728,3.24,opposite_signal,2160
1771449120,1771455600,5001.1998046875,4981.2998046875,Short,1,195.75999999999635,3.24,take_profit,6480
1771456140,1771458300,4998.1,4995.1001953125,Long,1,-33.23804687500728,3.24,opposite_signal,2160
1771458300,1771460100,4995.1001953125,4987.6,Short,1,71.76195312499273,3.24,opposite_signal,1800
1771460100,1771461900,4987.6,4983.79990234375,Long,1,-41.24097656250728,3.24,opposite_signal,1800
1771461900,1771462980,4983.79990234375,4985.3001953125,Short,1,-18.242929687507278,3.24,opposite_signal,1080
1771462980,1771467300,4985.3001953125,4988.79990234375,Long,1,31.757070312492722,3.24,opposite_signal,4320
1771467300,1771471800,4988.79990234375,4995.20009765625,Short,1,-67.24195312500727,3.24,opposite_signal,4500
1771471800,1771475940,4995.20009765625,5000.00009765625,Long,1,44.75999999999272,3.24,opposite_signal,4140
1771475940,1771476840,5000.00009765625,5002.49990234375,Short,1,-28.238046875007278,3.24,opposite_signal,900
1771476840,1771482600,5002.49990234375,5022.39990234375,Long,1,195.75999999999635,3.24,take_profit,5760
1771485480,1771486380,5034.1001953125,5038.1,Short,1,-43.23804687500728,3.24,opposite_signal,900
1771486380,1771487100,5038.1,5032.1001953125,Long,1,-63.23804687500728,3.24,opposite_signal,720
1771487100,1771489260,5032.1001953125,5032.3998046875,Short,1,-6.236093750007276,3.24,opposite_signal,2160
1771489260,1771491240,5032.3998046875,5034.1998046875,Long,1,14.759999999992724,3.24,opposite_signal,1980
1771491240,1771492140,5034.1998046875,5037.49990234375,Short,1,-36.24097656250728,3.24,opposite_signal,900
1771492140,1771492860,5037.49990234375,5031.6001953125,Long,1,-62.23707031250728,3.24,opposite_signal,720
1771492860,1771494300,5031.6001953125,5022.20009765625,Short,1,90.76097656249273,3.24,opposite_signal,1440
1771494300,1771495020,5022.20009765625,5014.29990234375,Long,1,-82.24195312500727,3.24,opposite_signal,720
1771495020,1771497360,5014.29990234375,5012.3998046875,Short,1,15.760976562492724,3.24,opposite_signal,2340
1771497360,1771499700,5012.3998046875,5002.2998046875,Long,1,-104.24000000000363,3.24,stop_loss,2340
1771502580,1771504560,5008.3998046875,5005.6998046875,Long,1,-30.240000000007278,3.24,opposite_signal,1980
1771504560,1771507440,5005.6998046875,5005.8998046875,Short,1,-5.240000000007276,3.24,opposite_signal,2880
1771507440,1771507800,5005.8998046875,4995.7998046875,Long,1,-104.24000000000363,3.24,stop_loss,360
1771507980,1771509600,5007.99990234375,5007.1001953125,Long,1,-12.237070312507276,3.24,opposite_signal,1620
1771509600,1771511580,5007.1001953125,4987.2001953125,Short,1,195.75999999999635,3.24,take_profit,1980
1771511760,1771512660,5003.6,5023.5,Long,1,195.75999999999635,3.24,take_profit,900
1771516260,1771519140,5028.6998046875,5027.3998046875,Short,1,9.759999999992724,3.24,opposite_signal,2880
1771519140,1771519860,5027.3998046875,5017.2998046875,Long,1,-104.24000000000363,3.24,stop_loss,720
1771527060,1771529940,5003.3998046875,5001.6001953125,Long,1,-21.236093750007278,3.24,opposite_signal,2880
1771529940,1771530840,5001.6001953125,5006.99990234375,Short,1,-57.23707031250728,3.24,opposite_signal,900
1771530840,1771535340,5006.99990234375,5017.6001953125,Long,1,102.76292968749273,3.24,opposite_signal,4500
1771535340,1771537320,5017.6001953125,5017.8001953125,Short,1,-5.240000000007276,3.24,opposite_signal,1980
1771537320,1771538040,5017.8001953125,5014.29990234375,Long,1,-38.24292968750728,3.24,opposite_signal,720
1771538040,1771542000,5014.29990234375,5018.6,Short,1,-46.24097656250728,3.24,opposite_signal,3960
1771542000,1771542720,5018.6,5017.1998046875,Long,1,-17.241953125007278,3.24,opposite_signal,720
1771542720,1771543260,5017.1998046875,5019.8998046875,Short,1,-30.240000000007278,3.24,opposite_signal,540
1771543260,1771543800,5019.8998046875,5014.00009765625,Long,1,-62.23707031250728,3.24,opposite_signal,540
1771543800,1771545780,5014.00009765625,5013.3998046875,Short,1,2.762929687492724,3.24,opposite_signal,1980
1771545780,1771547040,5013.3998046875,5007.00009765625,Long,1,-67.23707031250727,3.24,opposite_signal,1260
1771547040,1771548300,5007.00009765625,5016.6,Short,1,-99.23902343750727,3.24,opposite_signal,1260
1771548300,1771550280,5016.6,5028.6998046875,Long,1,117.75804687499273,3.24,opposite_signal,1980
1771550280,1771552980,5028.6998046875,5025.49990234375,Short,1,28.759023437492722,3.24,opposite_signal,2700
1771552980,1771553520,5025.49990234375,5015.39990234375,Long,1,-104.24000000000363,3.24,stop_loss,540
1771554780,1771555680,5018.49990234375,5015.9,Long,1,-29.239023437507278,3.24,opposite_signal,900
1771555680,1771557480,5015.9,5015.8001953125,Short,1,-2.241953125007276,3.24,opposite_signal,1800
1771557480,1771558740,5015.8001953125,5005.7001953125,Long,1,-104.24000000000363,3.24,stop_loss,1260
1771559280,1771559820,5013.70009765625,5005.9,Long,1,-81.24097656250727,3.24,opposite_signal,540
1771559820,1771561620,5005.9,5012.3998046875,Short,1,-68.23804687500727,3.24,opposite_signal,1800
1771561620,1771564500,5012.3998046875,5016.6998046875,Long,1,39.75999999999272,3.24,opposite_signal,2880
1771564500,1771565580,5016.6998046875,5022.1,Short,1,-57.24195312500728,3.24,opposite_signal,1080
1771565580,1771566120,5022.1,5017.29990234375,Long,1,-51.24097656250728,3.24,opposite_signal,540
1771566120,1771566480,5017.29990234375,5024.8998046875,Short,1,-79.23902343750727,3.24,opposite_signal,360
1771566480,1771568640,5024.8998046875,5044.7998046875,Long,1,195.75999999999635,3.24,take_profit,2160
1771570440,1771571160,5041.29990234375,5042.8001953125,Short,1,-18.242929687507278,3.24,opposite_signal,720
1771571160,1771571880,5042.8001953125,5035.00009765625,Long,1,-81.24097656250727,3.24,opposite_signal,720
1771571880,1771574580,5035.00009765625,5034.6,Short,1,0.7609765624927238,3.24,opposite_signal,2700
1771574580,1771574940,5034.6,5024.5,Long,1,-104.24000000000363,3.24,stop_loss,360
1771575300,1771578000,5030.8998046875,5050.7998046875,Long,1,195.75999999999635,3.24,take_profit,2700
1771579620,1771582500,5053.79990234375,5048.6,Short,1,48.75902343749272,3.24,opposite_signal,2880
1771582500,1771584300,5048.6,5046.6998046875,Long,1,-22.241953125007278,3.24,opposite_signal,1800
1771584300,1771584660,5046.6998046875,5054.8001953125,Short,1,-84.24390625000727,3.24,opposite_signal,360
1771584660,1771586100,5054.8001953125,5051.6998046875,Long,1,-34.24390625000728,3.24,opposite_signal,1440
1771586100,1771589160,5051.6998046875,5042.20009765625,Short,1,91.75707031249273,3.24,opposite_signal,3060
1771589160,1771590060,5042.20009765625,5033.9,Long,1,-86.24097656250727,3.24,opposite_signal,900
1771590060,1771590780,5033.9,5041.8001953125,Short,1,-82.24195312500727,3.24,opposite_signal,720
1771590780,1771594380,5041.8001953125,5045.1998046875,Long,1,30.756093749992722,3.24,opposite_signal,3600
1771594380,1771594740,5045.1998046875,5047.3998046875,Short,1,-25.240000000007278,3.24,opposite_signal,360
1771594740,1771595460,5047.3998046875,5067.2998046875,Long,1,195.75999999999635,3.24,take_profit,720
1771597620,1771597800,5061.00009765625,5071.10009765625,Short,1,-104.24000000000363,3.24,stop_loss,180
1771597980,1771598160,5070.8998046875,5060.7998046875,Long,1,-104.24000000000363,3.24,stop_loss,180
1771599600,1771599780,5059.1001953125,5039.2001953125,Short,1,195.75999999999635,3.24,take_profit,180
1771600500,1771601040,5055.1,5045.0,Long,1,-104.24000000000363,3.24,stop_loss,540
1771601940,1771605000,5057.70009765625,5077.60009765625,Long,1,195.75999999999635,3.24,take_profit,3060
1771607880,1771608600,5076.6998046875,5086.7998046875,Short,1,-104.24000000000363,3.24,stop_loss,720
1771608780,1771611480,5086.99990234375,5088.9,Long,1,15.760976562492724,3.24,opposite_signal,2700
1771611480,1771612380,5088.9,5084.99990234375,Short,1,35.76097656249272,3.24,opposite_signal,900
1771612380,1771618680,5084.99990234375,5104.89990234375,Long,1,195.75999999999635,3.24,take_profit,6300
1771624620,1771801740,5080.79990234375,5090.89990234375,Short,1,-104.24000000000363,3.24,stop_loss,177120
1771804800,1771805880,5171.79990234375,5151.89990234375,Short,1,195.75999999999635,3.24,take_profit,1080
1771806420,1771806960,5175.20009765625,5165.10009765625,Long,1,-104.24000000000363,3.24,stop_loss,540
1771807320,1771808580,5162.6001953125,5172.7001953125,Short,1,-104.24000000000363,3.24,stop_loss,1260
1771811820,1771812900,5179.29990234375,5189.39990234375,Short,1,-104.24000000000363,3.24,stop_loss,1080
1771814160,1771815060,5191.20009765625,5191.29990234375,Long,1,-2.241953125007276,3.24,opposite_signal,900
1771815060,1771815600,5191.29990234375,5197.1,Short,1,-61.24097656250728,3.24,opposite_signal,540
1771815600,1771816140,5197.1,5187.0,Long,1,-104.24000000000363,3.24,stop_loss,540
1771817220,1771819380,5186.3998046875,5185.50009765625,Long,1,-12.237070312507276,3.24,opposite_signal,2160
1771819380,1771823520,5185.50009765625,5179.99990234375,Short,1,51.76195312499272,3.24,opposite_signal,4140
1771823520,1771824240,5179.99990234375,5176.50009765625,Long,1,-38.23804687500728,3.24,opposite_signal,720
1771824240,1771825680,5176.50009765625,5179.3001953125,Short,1,-31.240976562507278,3.24,opposite_signal,1440
1771825680,1771828020,5179.3001953125,5174.1001953125,Long,1,-55.24000000000728,3.24,opposite_signal,2340
1771828020,1771830360,5174.1001953125,5174.3001953125,Short,1,-5.240000000007276,3.24,opposite_signal,2340
1771830360,1771831080,5174.3001953125,5164.2001953125,Long,1,-104.24000000000363,3.24,stop_loss,720
1771832520,1771835040,5157.49990234375,5147.39990234375,Long,1,-104.24000000000363,3.24,stop_loss,2520
1771836480,1771841340,5155.8001953125,5168.6998046875,Long,1,125.75609374999273,3.24,opposite_signal,4860
1771841340,1771842060,5168.6998046875,5174.6,Short,1,-62.24195312500728,3.24,opposite_signal,720
1771842060,1771842780,5174.6,5170.50009765625,Long,1,-44.23902343750728,3.24,opposite_signal,720
1771842780,1771843500,5170.50009765625,5175.3998046875,Short,1,-52.23707031250728,3.24,opposite_signal,720
1771843500,1771844940,5175.3998046875,5178.1998046875,Long,1,24.759999999992722,3.24,opposite_signal,1440
1771844940,1771847280,5178.1998046875,5173.8998046875,Short,1,39.75999999999272,3.24,opposite_signal,2340
1771847280,1771848540,5173.8998046875,5169.1001953125,Long,1,-51.23609375000728,3.24,opposite_signal,1260
1771848540,1771850160,5169.1001953125,5175.1,Short,1,-63.23804687500728,3.24,opposite_signal,1620
1771850160,1771851780,5175.1,5179.50009765625,Long,1,40.76097656249272,3.24,opposite_signal,1620
1771851780,1771853580,5179.50009765625,5173.1,Short,1,60.76097656249272,3.24,opposite_signal,1800
1771853580,1771855020,5173.1,5166.1001953125,Long,1,-73.23804687500727,3.24,opposite_signal,1440
1771855020,1771855560,5166.1001953125,5171.8001953125,Short,1,-60.24000000000728,3.24,opposite_signal,540
1771855560,1771857000,5171.8001953125,5191.7001953125,Long,1,195.75999999999635,3.24,take_profit,1440
1771858800,1771859160,5206.6001953125,5216.7001953125,Short,1,-104.24000000000363,3.24,stop_loss,360
1771859520,1771860780,5220.6,5210.5,Long,1,-104.24000000000363,3.24,stop_loss,1260
1771862400,1771862940,5209.50009765625,5219.60009765625,Short,1,-104.24000000000363,3.24,stop_loss,540
1771865100,1771869060,5230.29990234375,5224.1,Short,1,58.75902343749272,3.24,opposite_signal,3960
1771869060,1771871040,5224.1,5223.00009765625,Long,1,-14.239023437507276,3.24,opposite_signal,1980
1771871040,1771871760,5223.00009765625,5233.10009765625,Short,1,-104.24000000000363,3.24,stop_loss,720
1771872660,1771879860,5231.6,5251.5,Long,1,195.75999999999635,3.24,take_profit,7200
1771881120,1771887600,5250.50009765625,5260.60009765625,Short,1,-104.24000000000363,3.24,stop_loss,6480
1771889040,1771889580,5256.1998046875,5266.2998046875,Short,1,-104.24000000000363,3.24,stop_loss,540
1771890840,1771891200,5257.6001953125,5237.7001953125,Short,1,195.75999999999635,3.24,take_profit,360
1771892100,1771893360,5253.70009765625,5246.79990234375,Long,1,-72.24195312500727,3.24,opposite_signal,1260
1771893360,1771894800,5246.79990234375,5226.89990234375,Short,1,195.75999999999635,3.24,take_profit,1440
1771896780,1771900740,5186.3998046875,5206.2998046875,Long,1,195.75999999999635,3.24,take_profit,3960
1771904520,1771906500,5199.00009765625,5191.99990234375,Short,1,66.76195312499273,3.24,opposite_signal,1980
1771906500,1771908300,5191.99990234375,5188.50009765625,Long,1,-38.23804687500728,3.24,opposite_signal,1800
1771908300,1771909920,5188.50009765625,5192.3001953125,Short,1,-41.24097656250728,3.24,opposite_signal,1620
1771909920,1771910820,5192.3001953125,5187.00009765625,Long,1,-56.24097656250728,3.24,opposite_signal,900
1771910820,1771911720,5187.00009765625,5192.70009765625,Short,1,-60.24000000000728,3.24,opposite_signal,900
1771911720,1771914060,5192.70009765625,5197.4,Long,1,43.75902343749272,3.24,opposite_signal,2340
1771914060,1771914780,5197.4,5177.5,Short,1,195.75999999999635,3.24,take_profit,720
1771915140,1771916940,5188.99990234375,5187.29990234375,Long,1,-20.240000000007278,3.24,opposite_signal,1800
1771916940,1771917300,5187.29990234375,5195.99990234375,Short,1,-90.24000000000727,3.24,opposite_signal,360
1771917300,1771920180,5195.99990234375,5192.6998046875,Long,1,-36.24097656250728,3.24,opposite_signal,2880
1771920180,1771921800,5192.6998046875,5193.99990234375,Short,1,-16.240976562507278,3.24,opposite_signal,1620
1771921800,1771922700,5193.99990234375,5191.79990234375,Long,1,-25.240000000007278,3.24,opposite_signal,900
1771922700,1771923960,5191.79990234375,5198.6,Short,1,-71.24097656250727,3.24,opposite_signal,1260
1771923960,1771924320,5198.6,5191.4,Long,1,-75.24000000000727,3.24,opposite_signal,360
1771924320,1771927200,5191.4,5194.3998046875,Short,1,-33.23804687500728,3.24,opposite_signal,2880
1771927200,1771929000,5194.3998046875,5187.79990234375,Long,1,-69.23902343750727,3.24,opposite_signal,1800
1771929000,1771930440,5187.79990234375,5192.99990234375,Short,1,-55.24000000000728,3.24,opposite_signal,1440
1771930440,1771933860,5192.99990234375,5193.1998046875,Long,1,-1.2409765625072762,3.24,opposite_signal,3420
1771933860,1771935480,5193.1998046875,5173.2998046875,Short,1,195.75999999999635,3.24,take_profit,1620
1771935840,1771936560,5178.1,5174.29990234375,Long,1,-41.24097656250728,3.24,opposite_signal,720
1771936560,1771938540,5174.29990234375,5176.6,Short,1,-26.240976562507278,3.24,opposite_signal,1980
1771938540,1771939980,5176.6,5169.9,Long,1,-70.24000000000727,3.24,opposite_signal,1440
1771939980,1771940880,5169.9,5150.0,Short,1,195.75999999999635,3.24,take_profit,900
1771942860,1771944120,5135.3998046875,5155.2998046875,Long,1,195.75999999999635,3.24,take_profit,1260
1771945200,1771945380,5139.79990234375,5149.89990234375,Short,1,-104.24000000000363,3.24,stop_loss,180
1771945740,1771949340,5153.6,5162.1998046875,Long,1,82.75804687499273,3.24,opposite_signal,3600
1771949340,1771951140,5162.1998046875,5167.8001953125,Short,1,-59.24390625000728,3.24,opposite_signal,1800
1771951140,1771951500,5167.8001953125,5157.7001953125,Long,1,-104.24000000000363,3.24,stop_loss,360
1771952400,1771956000,5164.49990234375,5184.39990234375,Long,1,195.75999999999635,3.24,take_profit,3600
1771957080,1771959240,5178.79990234375,5179.8998046875,Short,1,-14.239023437507276,3.24,opposite_signal,2160
1771959240,1771959780,5179.8998046875,5174.6001953125,Long,1,-56.23609375000728,3.24,opposite_signal,540
1771959780,1771961760,5174.6001953125,5173.99990234375,Short,1,2.762929687492724,3.24,opposite_signal,1980
1771961760,1771963380,5173.99990234375,5168.1998046875,Long,1,-61.24097656250728,3.24,opposite_signal,1620
1771963380,1771964280,5168.1998046875,5175.8998046875,Short,1,-80.24000000000727,3.24,opposite_signal,900
1771964280,1771966260,5175.8998046875,5179.6998046875,Long,1,34.75999999999272,3.24,opposite_signal,1980
1771966260,1771969680,5179.6998046875,5159.7998046875,Short,1,195.75999999999635,3.24,take_profit,3420
1771976340,1771977780,5158.8998046875,5159.9,Long,1,6.761953124992724,3.24,opposite_signal,1440
1771977780,1771979400,5159.9,5167.20009765625,Short,1,-76.24097656250727,3.24,opposite_signal,1620
1771979400,1771980300,5167.20009765625,5163.50009765625,Long,1,-40.24000000000728,3.24,opposite_signal,900
1771980300,1771981020,5163.50009765625,5173.60009765625,Short,1,-104.24000000000363,3.24,stop_loss,720
1771984620,1771985160,5195.00009765625,5202.6,Short,1,-79.23902343750727,3.24,opposite_signal,540
1771985160,1771987320,5202.6,5203.6001953125,Long,1,6.761953124992724,3.24,opposite_signal,2160
1771987320,1771988400,5203.6001953125,5206.1,Short,1,-28.238046875007278,3.24,opposite_signal,1080
1771988400,1771991640,5206.1,5200.9,Long,1,-55.24000000000728,3.24,opposite_signal,3240
1771991640,1771992900,5200.9,5202.20009765625,Short,1,-16.240976562507278,3.24,opposite_signal,1260
1771992900,1771998120,5202.20009765625,5222.10009765625,Long,1,195.75999999999635,3.24,take_profit,5220
1771999200,1772000100,5216.50009765625,5213.8998046875,Short,1,22.762929687492722,3.24,opposite_signal,900
1772000100,1772002980,5213.8998046875,5207.4,Long,1,-68.23804687500727,3.24,opposite_signal,2880
1772002980,1772007480,5207.4,5210.8998046875,Short,1,-38.23804687500728,3.24,opposite_signal,4500
1772007480,1772008920,5210.8998046875,5211.1998046875,Long,1,-0.24000000000727617,3.24,opposite_signal,1440
1772008920,1772010720,5211.1998046875,5202.70009765625,Short,1,81.75707031249273,3.24,opposite_signal,1800
1772010720,1772013960,5202.70009765625,5205.50009765625,Long,1,24.759999999992722,3.24,opposite_signal,3240
1772013960,1772015940,5205.50009765625,5197.6,Short,1,75.76097656249273,3.24,opposite_signal,1980
1772015940,1772016660,5197.6,5191.79990234375,Long,1,-61.24097656250728,3.24,opposite_signal,720
1772016660,1772018640,5191.79990234375,5184.49990234375,Short,1,69.75999999999273,3.24,opposite_signal,1980
1772018640,1772022060,5184.49990234375,5204.39990234375,Long,1,195.75999999999635,3.24,take_profit,3420
1772022780,1772023320,5197.1998046875,5202.49990234375,Short,1,-56.24097656250728,3.24,opposite_signal,540
1772023320,1772024040,5202.49990234375,5196.9,Long,1,-59.23902343750728,3.24,opposite_signal,720
1772024040,1772024580,5196.9,5207.0,Short,1,-104.24000000000363,3.24,stop_loss,540
1772026920,1772028360,5205.4,5208.49990234375,Short,1,-34.23902343750728,3.24,opposite_signal,1440
1772028360,1772028900,5208.49990234375,5202.6998046875,Long,1,-61.24097656250728,3.24,opposite_signal,540
1772028900,1772030160,5202.6998046875,5182.7998046875,Short,1,195.75999999999635,3.24,take_profit,1260
1772030700,1772031780,5196.99990234375,5216.89990234375,Long,1,195.75999999999635,3.24,take_profit,1080
1772032680,1772033760,5207.9,5208.3998046875,Short,1,-8.238046875007276,3.24,opposite_signal,1080
1772033760,1772037900,5208.3998046875,5228.2998046875,Long,1,195.75999999999635,3.24,take_profit,4140
1772041320,1772050500,5228.1001953125,5208.2001953125,Short,1,195.75999999999635,3.24,take_profit,9180
1772054100,1772056620,5190.8001953125,5180.7001953125,Long,1,-104.24000000000363,3.24,stop_loss,2520
1772061120,1772061660,5185.00009765625,5195.10009765625,Short,1,-104.24000000000363,3.24,stop_loss,540
1772063100,1772063460,5189.8998046875,5180.9,Long,1,-93.23804687500727,3.24,opposite_signal,360
1772063460,1772064900,5180.9,5188.49990234375,Short,1,-79.23902343750727,3.24,opposite_signal,1440
1772064900,1772067600,5188.49990234375,5208.39990234375,Long,1,195.75999999999635,3.24,take_profit,2700
1772068140,1772069760,5201.29990234375,5203.20009765625,Short,1,-22.241953125007278,3.24,opposite_signal,1620
1772069760,1772072100,5203.20009765625,5203.1001953125,Long,1,-4.239023437507276,3.24,opposite_signal,2340
1772072100,1772074080,5203.1001953125,5199.3998046875,Short,1,33.76390624999272,3.24,opposite_signal,1980
1772074080,1772079840,5199.3998046875,5207.9,Long,1,81.76195312499273,3.24,opposite_signal,5760
1772079840,1772082540,5207.9,5211.3998046875,Short,1,-38.23804687500728,3.24,opposite_signal,2700
1772082540,1772084160,5211.3998046875,5214.79990234375,Long,1,30.760976562492722,3.24,opposite_signal,1620
1772084160,1772085420,5214.79990234375,5214.49990234375,Short,1,-0.24000000000727617,3.24,opposite_signal,1260
1772085420,1772088840,5214.49990234375,5209.00009765625,Long,1,-58.23804687500728,3.24,opposite_signal,3420
1772088840,1772090280,5209.00009765625,5204.1,Short,1,45.76097656249272,3.24,opposite_signal,1440
1772090280,1772092080,5204.1,5197.1001953125,Long,1,-73.23804687500727,3.24,opposite_signal,1800
1772092080,1772092620,5197.1001953125,5202.70009765625,Short,1,-59.23902343750728,3.24,opposite_signal,540
1772092620,1772092980,5202.70009765625,5197.00009765625,Long,1,-60.24000000000728,3.24,opposite_signal,360
1772092980,1772093340,5197.00009765625,5203.70009765625,Short,1,-70.24000000000727,3.24,opposite_signal,360
1772093340,1772094240,5203.70009765625,5198.79990234375,Long,1,-52.24195312500728,3.24,opposite_signal,900
1772094240,1772095680,5198.79990234375,5197.8001953125,Short,1,6.757070312492724,3.24,opposite_signal,1440
1772095680,1772097660,5197.8001953125,5191.79990234375,Long,1,-63.24292968750728,3.24,opposite_signal,1980
1772097660,1772098020,5191.79990234375,5197.3001953125,Short,1,-58.24292968750728,3.24,opposite_signal,360
1772098020,1772101080,5197.3001953125,5200.1001953125,Long,1,24.759999999992722,3.24,opposite_signal,3060
1772101080,1772103780,5200.1001953125,5191.49990234375,Short,1,82.76292968749273,3.24,opposite_signal,2700
1772103780,1772106480,5191.49990234375,5187.29990234375,Long,1,-45.24000000000728,3.24,opposite_signal,2700
1772106480,1772107740,5187.29990234375,5184.8998046875,Short,1,20.760976562492722,3.24,opposite_signal,1260
1772107740,1772110260,5184.8998046875,5197.29990234375,Long,1,120.76097656249273,3.24,opposite_signal,2520
1772110260,1772112240,5197.29990234375,5192.99990234375,Short,1,39.75999999999272,3.24,opposite_signal,1980
1772112240,1772112600,5192.99990234375,5182.89990234375,Long,1,-104.24000000000363,3.24,stop_loss,360
1772113320,1772115840,5181.1001953125,5185.8001953125,Short,1,-50.24000000000728,3.24,opposite_signal,2520
1772115840,1772116200,5185.8001953125,5175.7001953125,Long,1,-104.24000000000363,3.24,stop_loss,360
1772116560,1772118900,5183.49990234375,5173.39990234375,Long,1,-104.24000000000363,3.24,stop_loss,2340
1772119980,1772120700,5178.20009765625,5198.10009765625,Long,1,195.75999999999635,3.24,take_profit,720
1772121780,1772125560,5195.79990234375,5202.8998046875,Short,1,-74.23902343750727,3.24,opposite_signal,3780
1772125560,1772126100,5202.8998046875,5195.9,Long,1,-73.23804687500727,3.24,opposite_signal,540
1772126100,1772129520,5195.9,5190.70009765625,Short,1,48.75902343749272,3.24,opposite_signal,3420
1772129520,1772130780,5190.70009765625,5180.60009765625,Long,1,-104.24000000000363,3.24,stop_loss,1260
1772131140,1772138160,5196.3001953125,5216.2001953125,Long,1,195.75999999999635,3.24,take_profit,7020
1772139060,1772139600,5209.4,5216.49990234375,Short,1,-74.23902343750727,3.24,opposite_signal,540
1772139600,1772140680,5216.49990234375,5212.50009765625,Long,1,-43.23804687500728,3.24,opposite_signal,1080
1772140680,1772142120,5212.50009765625,5207.70009765625,Short,1,44.75999999999272,3.24,opposite_signal,1440
1772142120,1772142660,5207.70009765625,5200.79990234375,Long,1,-72.24195312500727,3.24,opposite_signal,540
1772142660,1772147520,5200.79990234375,5200.3001953125,Short,1,1.7570703124927238,3.24,opposite_signal,4860
1772147520,1772150580,5200.3001953125,5197.6001953125,Long,1,-30.240000000007278,3.24,opposite_signal,3060
1772150580,1772151300,5197.6001953125,5205.20009765625,Short,1,-79.23902343750727,3.24,opposite_signal,720
1772151300,1772152200,5205.20009765625,5204.6998046875,Long,1,-8.242929687507276,3.24,opposite_signal,900
1772152200,1772154360,5204.6998046875,5184.7998046875,Short,1,195.75999999999635,3.24,take_profit,2160
1772155080,1772157960,5195.8001953125,5215.7001953125,Long,1,195.75999999999635,3.24,take_profit,2880
1772158680,1772161020,5207.79990234375,5200.3998046875,Short,1,70.76097656249273,3.24,opposite_signal,2340
1772161020,1772164800,5200.3998046875,5202.6001953125,Long,1,18.763906249992722,3.24,opposite_signal,3780
1772164800,1772166240,5202.6001953125,5203.20009765625,Short,1,-9.239023437507276,3.24,opposite_signal,1440
1772166240,1772167860,5203.20009765625,5201.29990234375,Long,1,-22.241953125007278,3.24,opposite_signal,1620
1772167860,1772168940,5201.29990234375,5202.49990234375,Short,1,-15.240000000007276,3.24,opposite_signal,1080
1772168940,1772170920,5202.49990234375,5208.6998046875,Long,1,58.75902343749272,3.24,opposite_signal,1980
1772170920,1772171640,5208.6998046875,5212.8001953125,Short,1,-44.24390625000728,3.24,opposite_signal,720
1772171640,1772172360,5212.8001953125,5211.1998046875,Long,1,-19.243906250007278,3.24,opposite_signal,720
1772172360,1772180640,5211.1998046875,5191.2998046875,Short,1,195.75999999999635,3.24,take_profit,8280
1772181180,1772183160,5198.3001953125,5192.4,Long,1,-62.24195312500728,3.24,opposite_signal,1980
1772183160,1772184240,5192.4,5198.20009765625,Short,1,-61.24097656250728,3.24,opposite_signal,1080
1772184240,1772185680,5198.20009765625,5192.4,Long,1,-61.24097656250728,3.24,opposite_signal,1440
1772185680,1772187300,5192.4,5193.70009765625,Short,1,-16.240976562507278,3.24,opposite_signal,1620
1772187300,1772188200,5193.70009765625,5192.4,Long,1,-16.240976562507278,3.24,opposite_signal,900
1772188200,1772189100,5192.4,5193.8998046875,Short,1,-18.238046875007278,3.24,opposite_signal,900
1772189100,1772190900,5193.8998046875,5188.79990234375,Long,1,-54.23902343750728,3.24,opposite_signal,1800
1772190900,1772191440,5188.79990234375,5191.70009765625,Short,1,-32.24195312500728,3.24,opposite_signal,540
1772191440,1772195940,5191.70009765625,5202.1998046875,Long,1,101.75707031249273,3.24,opposite_signal,4500
1772195940,1772197020,5202.1998046875,5204.3998046875,Short,1,-25.240000000007278,3.24,opposite_signal,1080
1772197020,1772197560,5204.3998046875,5224.2998046875,Long,1,195.75999999999635,3.24,take_profit,540
1772199000,1772199540,5249.1001953125,5229.2001953125,Short,1,195.75999999999635,3.24,take_profit,540
1772200620,1772202960,5240.8998046875,5240.79990234375,Long,1,-4.239023437507276,3.24,opposite_signal,2340
1772202960,1772204760,5240.79990234375,5250.89990234375,Short,1,-104.24000000000363,3.24,stop_loss,1800
1772205480,1772206200,5241.00009765625,5251.10009765625,Short,1,-104.24000000000363,3.24,stop_loss,720
1772209260,1772214120,5252.1001953125,5251.99990234375,Short,1,-2.237070312507276,3.24,opposite_signal,4860
1772214120,1772216460,5251.99990234375,5247.00009765625,Long,1,-53.23804687500728,3.24,opposite_signal,2340
1772216460,1772217540,5247.00009765625,5251.3001953125,Short,1,-46.24097656250728,3.24,opposite_signal,1080
1772217540,1772219340,5251.3001953125,5258.9,Long,1,72.75804687499273,3.24,opposite_signal,1800
1772219340,1772219880,5258.9,5269.0,Short,1,-104.24000000000363,3.24,stop_loss,540
1772224560,1772225100,5273.6998046875,5278.70009765625,Short,1,-53.24292968750728,3.24,opposite_signal,540
1772225100,1772226900,5278.70009765625,5277.1001953125,Long,1,-19.239023437507278,3.24,opposite_signal,1800
1772226900,1772228160,5277.1001953125,5284.3998046875,Short,1,-76.23609375000727,3.24,opposite_signal,1260
1772228160,1772229420,5284.3998046875,5274.2998046875,Long,1,-104.24000000000363,3.24,stop_loss,1260
1772406540,1772407800,5357.8001953125,5377.7001953125,Long,1,195.75999999999635,3.24,take_profit,1260
1772409960,1772412660,5383.1998046875,5363.2998046875,Short,1,195.75999999999635,3.24,take_profit,2700
1772415360,1772416620,5345.49990234375,5335.39990234375,Long,1,-104.24000000000363,3.24,stop_loss,1260
1772424360,1772425080,5368.00009765625,5378.10009765625,Short,1,-104.24000000000363,3.24,stop_loss,720
1772425260,1772426160,5378.1,5368.0,Long,1,-104.24000000000363,3.24,stop_loss,900
1772427240,1772427780,5370.8998046875,5363.4,Long,1,-78.23804687500727,3.24,opposite_signal,540
1772427780,1772429580,5363.4,5370.20009765625,Short,1,-71.24097656250727,3.24,opposite_signal,1800
1772429580,1772431560,5370.20009765625,5390.10009765625,Long,1,195.75999999999635,3.24,take_profit,1980
1772436600,1772437680,5423.79990234375,5423.20009765625,Short,1,2.758046874992724,3.24,opposite_signal,1080
1772437680,1772439480,5423.20009765625,5419.6001953125,Long,1,-39.23902343750728,3.24,opposite_signal,1800
1772439480,1772440020,5419.6001953125,5429.7001953125,Short,1,-104.24000000000363,3.24,stop_loss,540
1772440920,1772445780,5416.6998046875,5396.7998046875,Short,1,195.75999999999635,3.24,take_profit,4860
1772446140,1772448660,5406.20009765625,5401.4,Long,1,-51.24097656250728,3.24,opposite_signal,2520
1772448660,1772450280,5401.4,5411.5,Short,1,-104.24000000000363,3.24,stop_loss,1620
1772451900,1772452980,5395.29990234375,5405.39990234375,Short,1,-104.24000000000363,3.24,stop_loss,1080
1772453880,1772454600,5403.4,5409.8001953125,Short,1,-67.24195312500727,3.24,opposite_signal,720
1772454600,1772456040,5409.8001953125,5402.9,Long,1,-72.24195312500727,3.24,opposite_signal,1440
1772456040,1772456400,5402.9,5413.0,Short,1,-104.24000000000363,3.24,stop_loss,360
1772456580,1772456760,5422.20009765625,5412.10009765625,Long,1,-104.24000000000363,3.24,stop_loss,180
1772456940,1772457480,5406.50009765625,5412.1,Short,1,-59.23902343750728,3.24,opposite_signal,540
1772457480,1772458200,5412.1,5432.0,Long,1,195.75999999999635,3.24,take_profit,720
1772458920,1772460540,5409.00009765625,5389.10009765625,Short,1,195.75999999999635,3.24,take_profit,1620
1772462340,1772462700,5363.99990234375,5353.89990234375,Long,1,-104.24000000000363,3.24,stop_loss,360
1772463060,1772463960,5348.50009765625,5358.60009765625,Short,1,-104.24000000000363,3.24,stop_loss,900
1772464140,1772464320,5350.3998046875,5340.2998046875,Long,1,-104.24000000000363,3.24,stop_loss,180
1772464680,1772465040,5340.6001953125,5350.7001953125,Short,1,-104.24000000000363,3.24,stop_loss,360
1772465400,1772466300,5359.1,5349.0,Long,1,-104.24000000000363,3.24,stop_loss,900
1772466840,1772467200,5337.29990234375,5317.39990234375,Short,1,195.75999999999635,3.24,take_profit,360
1772467740,1772468280,5309.6,5299.5,Long,1,-104.24000000000363,3.24,stop_loss,540
1772469360,1772471160,5318.00009765625,5317.1,Short,1,5.760976562492724,3.24,opposite_signal,1800
1772471160,1772471880,5317.1,5307.0,Long,1,-104.24000000000363,3.24,stop_loss,720
1772473860,1772475480,5319.1998046875,5319.70009765625,Short,1,-8.242929687507276,3.24,opposite_signal,1620
1772475480,1772475840,5319.70009765625,5309.60009765625,Long,1,-104.24000000000363,3.24,stop_loss,360
1772476560,1772476920,5304.50009765625,5314.60009765625,Short,1,-104.24000000000363,3.24,stop_loss,360
1772477100,1772478360,5322.6,5342.5,Long,1,195.75999999999635,3.24,take_profit,1260
1772479260,1772480160,5337.29990234375,5347.39990234375,Short,1,-104.24000000000363,3.24,stop_loss,900
1772481060,1772481780,5337.9,5346.3001953125,Short,1,-87.24195312500727,3.24,opposite_signal,720
1772481780,1772482680,5346.3001953125,5350.9,Long,1,42.75804687499272,3.24,opposite_signal,900
1772482680,1772483760,5350.9,5358.99990234375,Short,1,-84.23902343750727,3.24,opposite_signal,1080
1772483760,1772485020,5358.99990234375,5348.89990234375,Long,1,-104.24000000000363,3.24,stop_loss,1260
1772485200,1772492400,5350.00009765625,5351.8998046875,Short,1,-22.237070312507278,3.24,opposite_signal,7200
1772492400,1772493660,5351.8998046875,5347.1001953125,Long,1,-51.23609375000728,3.24,opposite_signal,1260
1772493660,1772495280,5347.1001953125,5355.8001953125,Short,1,-90.24000000000727,3.24,opposite_signal,1620
1772495280,1772497800,5355.8001953125,5375.7001953125,Long,1,195.75999999999635,3.24,take_profit,2520
1772498160,1772499780,5366.79990234375,5376.89990234375,Short,1,-104.24000000000363,3.24,stop_loss,1620
1772502120,1772502300,5376.50009765625,5356.60009765625,Short,1,195.75999999999635,3.24,take_profit,180
1772503560,1772503740,5370.1,5360.0,Long,1,-104.24000000000363,3.24,stop_loss,180
1772509860,1772511480,5377.6001953125,5382.6,Short,1,-53.23804687500728,3.24,opposite_signal,1620
1772511480,1772513280,5382.6,5377.1001953125,Long,1,-58.23804687500728,3.24,opposite_signal,1800
1772513280,1772516160,5377.1001953125,5357.2001953125,Short,1,195.75999999999635,3.24,take_profit,2880
1772518860,1772519760,5325.3001953125,5315.2001953125,Long,1,-104.24000000000363,3.24,stop_loss,900
1772521200,1772524260,5324.99990234375,5344.89990234375,Long,1,195.75999999999635,3.24,take_profit,3060
1772525340,1772526600,5338.9,5319.0,Short,1,195.75999999999635,3.24,take_profit,1260
1772527680,1772528040,5323.8001953125,5313.7001953125,Long,1,-104.24000000000363,3.24,stop_loss,360
1772530200,1772532180,5273.8998046875,5293.7998046875,Long,1,195.75999999999635,3.24,take_profit,1980
1772534160,1772534340,5267.9,5278.0,Short,1,-104.24000000000363,3.24,stop_loss,180
1772537760,1772537940,5140.8001953125,5130.7001953125,Long,1,-104.24000000000363,3.24,stop_loss,180
1772542800,1772543160,5200.1998046875,5180.2998046875,Short,1,195.75999999999635,3.24,take_profit,360
1772544600,1772544960,5186.6,5176.5,Long,1,-104.24000000000363,3.24,stop_loss,360
1772545320,1772545500,5165.79990234375,5145.89990234375,Short,1,195.75999999999635,3.24,take_profit,180
1772546580,1772547300,5173.1,5163.0,Long,1,-104.24000000000363,3.24,stop_loss,720
1772547480,1772547840,5153.1001953125,5133.2001953125,Short,1,195.75999999999635,3.24,take_profit,360
1772551620,1772552160,5053.70009765625,5073.60009765625,Long,1,195.75999999999635,3.24,take_profit,540
1772557020,1772557200,5117.79990234375,5097.89990234375,Short,1,195.75999999999635,3.24,take_profit,180
1772558280,1772558820,5111.6,5101.5,Long,1,-104.24000000000363,3.24,stop_loss,540
1772560800,1772562420,5100.8998046875,5120.7998046875,Long,1,195.75999999999635,3.24,take_profit,1620
1772564940,1772565300,5134.1998046875,5114.2998046875,Short,1,195.75999999999635,3.24,take_profit,360
1772567100,1772567460,5137.8001953125,5127.7001953125,Long,1,-104.24000000000363,3.24,stop_loss,360
1772567820,1772568000,5122.1998046875,5132.2998046875,Short,1,-104.24000000000363,3.24,stop_loss,180
1772569260,1772569980,5135.49990234375,5125.39990234375,Long,1,-104.24000000000363,3.24,stop_loss,720
1772570160,1772571060,5121.4,5101.5,Short,1,195.75999999999635,3.24,take_profit,900
1772571960,1772572680,5113.8001953125,5103.7001953125,Long,1,-104.24000000000363,3.24,stop_loss,720
1772578800,1772579700,5111.20009765625,5131.10009765625,Long,1,195.75999999999635,3.24,take_profit,900
1772582400,1772582580,5115.9,5126.0,Short,1,-104.24000000000363,3.24,stop_loss,180
1772583480,1772583840,5134.1,5124.0,Long,1,-104.24000000000363,3.24,stop_loss,360
1772587620,1772588160,5153.4,5163.5,Short,1,-104.24000000000363,3.24,stop_loss,540
1772588520,1772590140,5171.20009765625,5191.10009765625,Long,1,195.75999999999635,3.24,take_profit,1620
1772591400,1772592300,5183.4,5184.3001953125,Short,1,-12.241953125007276,3.24,opposite_signal,900
1772592300,1772592480,5184.3001953125,5174.2001953125,Long,1,-104.24000000000363,3.24,stop_loss,180
1772592660,1772593380,5176.1998046875,5156.2998046875,Short,1,195.75999999999635,3.24,take_profit,720
1772594100,1772595360,5169.8001953125,5168.4,Long,1,-17.241953125007278,3.24,opposite_signal,1260
1772595360,1772596080,5168.4,5175.8001953125,Short,1,-77.24195312500727,3.24,opposite_signal,720
1772596080,1772598060,5175.8001953125,5173.6998046875,Long,1,-24.243906250007278,3.24,opposite_signal,1980
1772598060,1772600940,5173.6998046875,5174.8998046875,Short,1,-15.240000000007276,3.24,opposite_signal,2880
1772600940,1772601480,5174.8998046875,5164.7998046875,Long,1,-104.24000000000363,3.24,stop_loss,540
1772601660,1772602380,5164.1998046875,5170.8001953125,Short,1,-69.24390625000727,3.24,opposite_signal,720
1772602380,1772603820,5170.8001953125,5169.4,Long,1,-17.241953125007278,3.24,opposite_signal,1440
1772603820,1772604360,5169.4,5149.5,Short,1,195.75999999999635,3.24,take_profit,540
1772604900,1772605260,5156.6,5146.5,Long,1,-104.24000000000363,3.24,stop_loss,360
1772605440,1772605980,5147.00009765625,5157.10009765625,Short,1,-104.24000000000363,3.24,stop_loss,540
1772611380,1772612460,5167.4,5176.49990234375,Short,1,-94.23902343750727,3.24,opposite_signal,1080
1772612460,1772614620,5176.49990234375,5178.50009765625,Long,1,16.761953124992722,3.24,opposite_signal,2160
1772614620,1772615880,5178.50009765625,5185.3998046875,Short,1,-72.23707031250727,3.24,opposite_signal,1260
1772615880,1772618940,5185.3998046875,5205.2998046875,Long,1,195.75999999999635,3.24,take_profit,3060
1772619660,1772621820,5199.9,5201.99990234375,Short,1,-24.239023437507278,3.24,opposite_signal,2160
1772621820,1772624520,5201.99990234375,5205.00009765625,Long,1,26.761953124992722,3.24,opposite_signal,2700
1772624520,1772625600,5205.00009765625,5211.3001953125,Short,1,-66.24097656250727,3.24,opposite_signal,1080
1772625600,1772626500,5211.3001953125,5201.2001953125,Long,1,-104.24000000000363,3.24,stop_loss,900
1772628480,1772628840,5182.49990234375,5172.39990234375,Long,1,-104.24000000000363,3.24,stop_loss,360
1772630460,1772630640,5190.1998046875,5200.2998046875,Short,1,-104.24000000000363,3.24,stop_loss,180
1772630820,1772631540,5203.20009765625,5193.10009765625,Long,1,-104.24000000000363,3.24,stop_loss,720
1772632440,1772634600,5184.6001953125,5194.7001953125,Short,1,-104.24000000000363,3.24,stop_loss,2160
1772635500,1772636040,5170.50009765625,5150.60009765625,Short,1,195.75999999999635,3.24,take_profit,540
1772637840,1772638920,5162.70009765625,5152.60009765625,Long,1,-104.24000000000363,3.24,stop_loss,1080
1772640000,1772640360,5170.6,5160.5,Long,1,-104.24000000000363,3.24,stop_loss,360
1772640900,1772641260,5155.6001953125,5165.7001953125,Short,1,-104.24000000000363,3.24,stop_loss,360
1772646480,1772647560,5151.99990234375,5146.6998046875,Long,1,-56.24097656250728,3.24,opposite_signal,1080
1772647560,1772647740,5146.6998046875,5126.7998046875,Short,1,195.75999999999635,3.24,take_profit,180
1772648640,1772649540,5138.20009765625,5128.10009765625,Long,1,-104.24000000000363,3.24,stop_loss,900
1772649900,1772652240,5141.49990234375,5136.4,Long,1,-54.23902343750728,3.24,opposite_signal,2340
1772652240,1772653500,5136.4,5144.3001953125,Short,1,-82.24195312500727,3.24,opposite_signal,1260
1772653500,1772654940,5144.3001953125,5138.9,Long,1,-57.24195312500728,3.24,opposite_signal,1440
1772654940,1772655840,5138.9,5147.99990234375,Short,1,-94.23902343750727,3.24,opposite_signal,900
1772655840,1772657280,5147.99990234375,5147.00009765625,Long,1,-13.238046875007276,3.24,opposite_signal,1440
1772657280,1772658180,5147.00009765625,5151.6,Short,1,-49.23902343750728,3.24,opposite_signal,900
1772658180,1772659980,5151.6,5141.5,Long,1,-104.24000000000363,3.24,stop_loss,1800
1772660340,1772667900,5148.99990234375,5168.89990234375,Long,1,195.75999999999635,3.24,take_profit,7560
1772670600,1772672580,5184.00009765625,5187.99990234375,Short,1,-43.23804687500728,3.24,opposite_signal,1980
1772672580,1772673480,5187.99990234375,5188.1998046875,Long,1,-1.2409765625072762,3.24,opposite_signal,900
1772673480,1772676180,5188.1998046875,5189.6,Short,1,-17.241953125007278,3.24,opposite_signal,2700
1772676180,1772678520,5189.6,5184.79990234375,Long,1,-51.24097656250728,3.24,opposite_signal,2340
1772678520,1772679060,5184.79990234375,5194.89990234375,Short,1,-104.24000000000363,3.24,stop_loss,540
1772680320,1772683560,5194.9,5193.70009765625,Short,1,8.759023437492724,3.24,opposite_signal,3240
1772683560,1772684820,5193.70009765625,5187.4,Long,1,-66.24097656250727,3.24,opposite_signal,1260
1772684820,1772686620,5187.4,5179.8001953125,Short,1,72.75804687499273,3.24,end_of_data,1800
