Timeframe,Contracts,Key_Value,ATR_Period,Candle_Type,Total_Trades,Win_Rate,Total_PnL,Profit_Factor,Gross_Profit,Gross_Loss,Max_Drawdown,Max_Daily_DD,Total_Costs,Final_Equity
15min,1,3,14,HA,34,35.29,2342.86,1.28,10824.13,8481.27,2747.91,1462.96,110.16,152342.86
10min,1,3,14,HA,48,37.5,2171.45,1.26,10519.67,8348.22,2450.11,1169.73,155.52,152171.45
15min,1,3,10,HA,36,33.33,1216.39,1.13,10607.12,9390.74,2811.91,1462.96,116.64,151216.39
5min,1,3,10,Normal,129,37.21,953.03,1.06,17707.47,16754.43,2974.53,1129.4,417.96,150953.03
10min,1,3,10,HA,52,34.62,372.49,1.04,10414.67,10042.18,3450.59,1986.21,168.48,150372.49
10min,1,2,14,Normal,115,37.39,-775.63,0.95,15090.67,15866.3,4491.87,1543.96,372.6,149224.37
5min,1,3,10,HA,119,32.77,-1358.58,0.92,15976.62,17335.2,5114.01,1623.4,385.56,148641.42
10min,1,2,10,HA,95,33.68,-1852.84,0.87,12703.32,14556.15,4878.02,1684.17,307.8,148147.16
5min,1,2,10,Normal,265,36.98,-2057.57,0.92,24016.51,26074.08,4674.1,1925.55,858.6,147942.43
10min,1,2,14,HA,93,30.11,-2286.38,0.85,12720.26,15006.64,6901.52,2022.16,301.32,147713.62
10min,1,2,10,Normal,115,34.78,-2365.62,0.86,14341.39,16707.02,4696.38,1543.96,372.6,147634.38
10min,1,2,20,HA,95,32.63,-2531.83,0.83,12694.56,15226.38,7555.98,2053.16,307.8,147468.17
10min,1,3,20,HA,54,35.19,-2561.98,0.78,9110.44,11672.42,5537.26,1523.72,174.96,147438.02
15min,1,1,14,HA,167,35.93,-2856.05,0.86,17941.63,20797.68,7290.04,1876.38,541.08,147143.95
15min,1,1,20,Normal,209,39.23,-2996.1,0.87,20048.36,23044.46,5551.3,1733.4,677.16,147003.9
5min,1,3,20,HA,129,31.01,-3589.02,0.82,15936.39,19525.4,5993.58,1293.2,417.96,146410.98
15min,1,1,20,HA,167,34.73,-3618.02,0.83,17464.12,21082.14,7656.77,1876.38,541.08,146381.98
15min,1,1,14,Normal,211,37.91,-3660.59,0.84,19557.83,23218.42,5467.64,1719.39,683.64,146339.41
15min,1,3,20,HA,40,30.0,-3661.59,0.73,10047.12,13708.71,6126.31,1867.19,129.6,146338.41
10min,1,3,14,Normal,68,29.41,-3852.33,0.71,9591.2,13443.53,6839.19,1828.93,220.32,146147.67
5min,1,3,14,HA,127,33.07,-4224.51,0.78,15094.91,19319.43,6128.08,1585.4,411.48,145775.49
10min,1,2,20,Normal,119,35.29,-4394.58,0.75,13460.91,17855.48,6103.93,1673.96,385.56,145605.42
15min,1,2,20,HA,74,29.73,-4483.76,0.71,10989.72,15473.48,6825.12,1895.68,239.76,145516.24
10min,1,1,10,Normal,279,36.56,-4541.0,0.82,20725.5,25266.5,6332.67,1207.83,903.96,145459.0
3min,1,1,14,HA,755,35.36,-4550.25,0.89,36271.91,40822.16,5468.73,2061.26,2446.2,145449.75
5min,1,2,20,HA,213,35.68,-4557.1,0.82,20943.77,25500.86,6812.71,2042.12,690.12,145442.9
10min,1,3,10,Normal,70,30.0,-4892.82,0.66,9623.96,14516.78,8121.69,1898.93,226.8,145107.18
15min,1,1,10,Normal,215,34.88,-4917.55,0.8,19124.02,24041.57,6145.84,2035.11,696.6,145082.45
15min,1,2,14,HA,74,31.08,-5188.75,0.68,10974.48,16163.24,6991.87,1895.68,239.76,144811.25
3min,1,3,10,Normal,223,31.84,-5189.56,0.77,17671.94,22861.5,7548.92,1600.08,722.52,144810.44
15min,1,2,10,HA,72,31.94,-5222.27,0.67,10383.48,15605.75,6094.4,1839.68,233.28,144777.73
3min,1,1,10,HA,766,35.77,-5269.89,0.87,36739.25,42009.14,6835.28,1811.52,2481.84,144730.11
3min,1,3,20,HA,195,32.31,-5306.77,0.75,16247.87,21554.64,7755.86,1638.59,631.8,144693.23
3min,1,3,14,Normal,227,33.92,-5452.51,0.77,18458.49,23911.0,8987.66,1788.6,735.48,144547.49
5min,1,1,20,Normal,660,35.91,-5457.32,0.87,37795.13,43252.45,6119.61,1914.71,2138.4,144542.68
2min,1,3,10,HA,309,33.33,-5512.18,0.82,24550.27,30062.45,7277.32,1953.37,1001.16,144487.82
10min,1,1,10,HA,219,30.14,-5548.58,0.76,17762.16,23310.74,7457.96,1706.35,709.56,144451.42
10min,1,1,20,Normal,279,36.2,-5853.0,0.78,20523.73,26376.73,7154.67,1726.4,903.96,144147.0
10min,1,1,14,HA,214,30.84,-6010.34,0.74,17509.17,23519.51,7487.72,2013.87,693.36,143989.66
10min,1,3,20,Normal,70,28.57,-6031.83,0.59,8810.19,14842.02,8183.69,1738.94,226.8,143968.17
10min,1,1,14,Normal,283,35.69,-6197.94,0.77,20261.74,26459.68,7251.13,1726.4,916.92,143802.06
15min,1,3,14,Normal,48,27.08,-6272.53,0.57,8168.87,14441.39,8061.12,1943.72,155.52,143727.47
3min,1,2,14,Normal,424,36.32,-6280.79,0.8,25342.03,31622.81,7879.98,2079.88,1373.76,143719.21
3min,1,3,10,HA,191,29.84,-6537.85,0.71,15794.32,22332.17,8401.68,1287.89,618.84,143462.15
3min,1,3,14,HA,197,31.98,-6681.25,0.7,15612.89,22294.14,9239.09,1553.6,638.28,143318.75
15min,1,2,10,Normal,92,30.43,-7390.07,0.59,10802.3,18192.36,10720.04,2013.44,298.08,142609.93
1min,1,3,14,HA,601,35.61,-7886.26,0.8,31317.63,39203.89,9240.98,2094.94,1947.24,142113.74
15min,1,3,20,Normal,52,23.08,-9101.49,0.45,7560.1,16661.59,9671.8,1943.72,168.48,140898.51
1min,1,2,14,HA,1120,33.57,-11524.81,0.79,43106.76,54631.57,13548.37,1923.9,3628.8,138475.19
1min,1,2,20,HA,1128,33.6,-11574.73,0.79,43740.05,55314.78,12328.76,1883.98,3654.72,138425.27
2min,1,1,14,Normal,1840,33.04,-11580.52,0.85,64404.98,75985.51,15697.22,2046.29,5961.6,138419.48
1min,1,3,20,Normal,764,33.25,-11760.33,0.75,35216.08,46976.4,12607.45,2089.14,2475.36,138239.67
1min,1,2,10,HA,1117,32.95,-11994.08,0.77,41137.7,53131.78,14789.11,2063.14,3619.08,138005.92
2min,1,1,10,HA,1316,32.9,-12370.69,0.81,52097.1,64467.79,15432.96,2092.45,4263.84,137629.31
3min,1,1,20,Normal,1092,31.68,-13648.2,0.76,42235.95,55884.15,13690.72,2070.48,3538.08,136351.8
1min,1,2,20,Normal,1439,32.59,-13776.35,0.78,48282.42,62058.77,15061.79,2045.4,4662.36,136223.65
2min,1,1,10,Normal,1870,32.46,-14570.69,0.81,63190.27,77760.97,17398.3,1911.77,6058.8,135429.31
2min,1,1,20,Normal,1825,32.38,-14927.96,0.81,63207.1,78135.06,18315.57,2077.89,5913.0,135072.04
1min,1,2,10,Normal,1425,32.63,-16102.81,0.74,45143.46,61246.27,16336.94,2058.07,4617.0,133897.19
1min,1,1,20,HA,2341,31.4,-22783.95,0.71,56586.58,79370.53,23725.94,2088.23,7584.84,127216.05
1min,1,1,14,Normal,3163,31.14,-29006.98,0.68,62920.6,91927.57,29333.31,2098.05,10248.12,120993.02
